USE [Project]

DELETE	FROM Hand_In_Homework_URL;
DELETE	FROM Activity_URL;
DELETE	FROM Hand_In_Homework;
DELETE	FROM Activity;
DELETE	FROM Resources;
DELETE	FROM Course_TA;
DELETE	FROM Enrollment;
DELETE	FROM Course_Time;
DELETE	FROM Course;
DELETE	FROM Professor_Degrees;
DELETE	FROM Professor_Work_Hours;
DELETE	FROM Time_Span;
DBCC	CHECKIDENT	('Time_Span', RESEED, 0);
DELETE	FROM Professor;
DELETE	FROM [Admin];
DELETE	FROM Student;
DELETE	FROM School;

INSERT	INTO School(school_id, [name])
		VALUES 
		('1001', 'Computer Engineering'),
		('1002', 'Chemistry'),
		('1003', 'Mathematics'),
		('1004', 'Physics'),
		('1005', 'Mechanics Engineering'),
		('1006', 'Industrial Engineering');

INSERT	INTO Student(username, first_name, last_name, gender, email, [password], about, major, degree, grade, entry_year, school_id)
		VALUES
        ('Robert41668','Robert','Dominguez','0','Robert41668@gmail.com','9935321',' ','Computer Engineering','Bachelor','1.62','1400','1001'),
        ('Antonio23730','Antonio','Tanimoto','0','Antonio23730@gmail.com','7109914',' ','Computer Engineering','Bachelor','2.92','1400','1001'),
        ('Richard51453','Richard','Ellis','0','Richard51453@gmail.com','2038943',' ','Computer Engineering','Bachelor','1.05','1400','1001'),
        ('Rodney68801','Rodney','Murphy','0','Rodney68801@gmail.com','1312501',' ','Computer Engineering','Bachelor','1.29','1400','1001'),
        ('Robert16098','Robert','Buteau','0','Robert16098@gmail.com','2652176',' ','Computer Engineering','Bachelor','1.08','1400','1001'),
        ('Nicole99475','Nicole','Brown','1','Nicole99475@gmail.com','4587782',' ','Computer Engineering','Bachelor','3.66','1400','1001'),
        ('Jared82174','Jared','Fox','0','Jared82174@gmail.com','7999117',' ','Computer Engineering','Bachelor','1.36','1400','1001'),
        ('Christopher95268','Christopher','Rose','0','Christopher95268@gmail.com','8822929',' ','Computer Engineering','Bachelor','3.67','1400','1001'),
        ('Jeni64867','Jeni','Ramos','1','Jeni64867@gmail.com','7577768',' ','Computer Engineering','Bachelor','2.01','1400','1001'),
        ('Irene26428','Irene','Chase','1','Irene26428@gmail.com','1999245',' ','Computer Engineering','Bachelor','2.87','1400','1001'),
        ('Michelle16364','Michelle','Dahlin','1','Michelle16364@gmail.com','1744292',' ','Computer Engineering','Bachelor','1.80','1400','1001'),
        ('Christopher11139','Christopher','Harris','0','Christopher11139@gmail.com','1959167',' ','Computer Engineering','Bachelor','3.20','1400','1001'),
        ('Robert10423','Robert','Newstead','0','Robert10423@gmail.com','9884532',' ','Computer Engineering','Bachelor','3.08','1400','1001'),
        ('Gerald84309','Gerald','Mcnease','0','Gerald84309@gmail.com','1977237',' ','Computer Engineering','Bachelor','2.22','1400','1001'),
        ('Sylvia12029','Sylvia','Ontiveros','1','Sylvia12029@gmail.com','8963948',' ','Computer Engineering','Bachelor','2.25','1400','1001'),
        ('Jason55049','Jason','Coombe','0','Jason55049@gmail.com','9542697',' ','Computer Engineering','Bachelor','1.06','1400','1001'),
        ('Janelle72419','Janelle','Espinoza','1','Janelle72419@gmail.com','1809143',' ','Computer Engineering','Bachelor','2.38','1400','1001'),
        ('Kimberly87340','Kimberly','Medina','1','Kimberly87340@gmail.com','8245216',' ','Computer Engineering','Bachelor','1.67','1400','1001'),
        ('Suzanne63314','Suzanne','Ferrel','1','Suzanne63314@gmail.com','1871795',' ','Computer Engineering','Bachelor','2.93','1400','1001'),
        ('David99078','David','Watson','0','David99078@gmail.com','4893114',' ','Computer Engineering','Bachelor','2.55','1400','1001'),
        ('Robert77415','Robert','Mattice','0','Robert77415@gmail.com','8471521',' ','Computer Engineering','Bachelor','3.76','1400','1001'),
        ('Jc44560','Jc','Hart','0','Jc44560@gmail.com','4213008',' ','Computer Engineering','Bachelor','3.76','1400','1001'),
        ('Theodore70082','Theodore','Johnson','0','Theodore70082@gmail.com','4156341',' ','Computer Engineering','Bachelor','2.44','1400','1001'),
        ('Jean27371','Jean','Silliman','1','Jean27371@gmail.com','8567128',' ','Computer Engineering','Bachelor','3.70','1400','1001'),
        ('Thelma35145','Thelma','Abu','1','Thelma35145@gmail.com','5825739',' ','Computer Engineering','Bachelor','2.95','1400','1001'),
        ('John22280','John','Hart','0','John22280@gmail.com','1562139',' ','Computer Engineering','Bachelor','3.82','1400','1001'),
        ('Arleen59077','Arleen','Kennett','1','Arleen59077@gmail.com','2816966',' ','Computer Engineering','Bachelor','2.36','1400','1001'),
        ('Margaret16790','Margaret','Lamarche','1','Margaret16790@gmail.com','7845832',' ','Computer Engineering','Bachelor','2.45','1400','1001'),
        ('Douglas86348','Douglas','Terry','0','Douglas86348@gmail.com','1685894',' ','Computer Engineering','Bachelor','3.94','1400','1001'),
        ('Terri39023','Terri','Bowman','1','Terri39023@gmail.com','7657525',' ','Computer Engineering','Bachelor','3.12','1400','1001'),
        ('David63435','David','Francis','0','David63435@gmail.com','5826672',' ','Computer Engineering','Bachelor','3.42','1400','1001'),
        ('Scott83145','Scott','Turner','0','Scott83145@gmail.com','1425317',' ','Computer Engineering','Bachelor','3.18','1400','1001'),
        ('William94852','William','Vernon','0','William94852@gmail.com','6857965',' ','Computer Engineering','Bachelor','3.83','1400','1001'),
        ('Harry23969','Harry','Kimpton','0','Harry23969@gmail.com','9279822',' ','Computer Engineering','Bachelor','3.51','1399','1001'),
        ('Jennifer16942','Jennifer','Marion','1','Jennifer16942@gmail.com','6905300',' ','Computer Engineering','Bachelor','2.84','1400','1001'),
        ('Tamekia71343','Tamekia','Miller','1','Tamekia71343@gmail.com','5478700',' ','Computer Engineering','Bachelor','2.80','1399','1001'),
        ('Dan84001','Dan','Dewey','0','Dan84001@gmail.com','6322954',' ','Computer Engineering','Bachelor','2.15','1399','1001'),
        ('Clement41694','Clement','Nestor','0','Clement41694@gmail.com','5892535',' ','Computer Engineering','Bachelor','2.01','1399','1001'),
        ('Gregory90000','Gregory','Mccoy','0','Gregory90000@gmail.com','4038269',' ','Computer Engineering','Bachelor','3.75','1400','1001'),
        ('Kevin29343','Kevin','Steele','0','Kevin29343@gmail.com','2469638',' ','Computer Engineering','Bachelor','3.28','1399','1001'),
        ('Mila88662','Mila','Jackson','1','Mila88662@gmail.com','1306876',' ','Computer Engineering','Bachelor','1.23','1399','1001'),
        ('Luis35386','Luis','Feldkamp','0','Luis35386@gmail.com','5756697',' ','Computer Engineering','Bachelor','3.31','1399','1001'),
        ('Richard54101','Richard','Ward','0','Richard54101@gmail.com','6839837',' ','Computer Engineering','Bachelor','1.57','1400','1001'),
        ('Jessica48825','Jessica','Lytell','1','Jessica48825@gmail.com','2393100',' ','Computer Engineering','Bachelor','2.71','1399','1001'),
        ('Joe54440','Joe','Clark','0','Joe54440@gmail.com','2537900',' ','Computer Engineering','Bachelor','3.41','1400','1001'),
        ('Nellie64317','Nellie','Lilly','1','Nellie64317@gmail.com','6229299',' ','Computer Engineering','Bachelor','1.44','1399','1001'),
        ('James30501','James','Poppel','0','James30501@gmail.com','2253581',' ','Computer Engineering','Bachelor','1.69','1400','1001'),
        ('Marinda23797','Marinda','Macias','1','Marinda23797@gmail.com','8042135',' ','Computer Engineering','Bachelor','3.30','1400','1001'),
        ('Dirk88134','Dirk','Dowker','0','Dirk88134@gmail.com','3782505',' ','Computer Engineering','Bachelor','2.19','1399','1001'),
        ('Justin96208','Justin','Miller','0','Justin96208@gmail.com','1691826',' ','Computer Engineering','Bachelor','1.33','1400','1001'),
        ('Kim33659','Kim','Foster','1','Kim33659@gmail.com','9479891',' ','Computer Engineering','Bachelor','1.01','1400','1001'),
        ('Ollie11680','Ollie','Craig','1','Ollie11680@gmail.com','6082337',' ','Computer Engineering','Bachelor','3.50','1399','1001'),
        ('Tammy95557','Tammy','Jose','1','Tammy95557@gmail.com','8119558',' ','Computer Engineering','Bachelor','1.41','1399','1001'),
        ('David11081','David','Walters','0','David11081@gmail.com','2959128',' ','Computer Engineering','Bachelor','1.01','1400','1001'),
        ('Aaron75910','Aaron','Smith','0','Aaron75910@gmail.com','7248020',' ','Computer Engineering','Bachelor','2.25','1399','1001'),
        ('Riley11575','Riley','Rodriguez','0','Riley11575@gmail.com','7148779',' ','Computer Engineering','Bachelor','3.35','1400','1001'),
        ('Derrick58088','Derrick','Bush','0','Derrick58088@gmail.com','3009588',' ','Computer Engineering','Bachelor','1.03','1400','1001'),
        ('Stephanie31273','Stephanie','Decena','1','Stephanie31273@gmail.com','4479821',' ','Computer Engineering','Bachelor','1.64','1399','1001'),
        ('Ronald96540','Ronald','Alley','0','Ronald96540@gmail.com','7779894',' ','Computer Engineering','Bachelor','2.78','1400','1001'),
        ('Elizabeth26189','Elizabeth','Vojna','1','Elizabeth26189@gmail.com','3450238',' ','Computer Engineering','Bachelor','2.35','1399','1001'),
        ('Cherlyn27468','Cherlyn','Hineline','1','Cherlyn27468@gmail.com','5858903',' ','Computer Engineering','Bachelor','1.66','1399','1001'),
        ('James78728','James','Garcia','0','James78728@gmail.com','3835091',' ','Computer Engineering','Bachelor','3.96','1400','1001'),
        ('Beryl21061','Beryl','Portis','1','Beryl21061@gmail.com','9018347',' ','Computer Engineering','Bachelor','1.37','1400','1001'),
        ('Michael55981','Michael','Brown','0','Michael55981@gmail.com','8250807',' ','Computer Engineering','Bachelor','2.89','1399','1001'),
        ('Joanne71858','Joanne','Grothe','1','Joanne71858@gmail.com','2743043',' ','Computer Engineering','Bachelor','1.69','1399','1001'),
        ('Maxine66514','Maxine','Evanich','1','Maxine66514@gmail.com','4795858',' ','Computer Engineering','Bachelor','1.40','1399','1001'),
        ('Angela74430','Angela','Goss','1','Angela74430@gmail.com','1396053',' ','Computer Engineering','Masters','3.96','1401','1001'),
        ('Charles60399','Charles','Mccaughey','0','Charles60399@gmail.com','4629173',' ','Computer Engineering','PHD','3.30','1400','1001'),
        ('Andrew29842','Andrew','Mickey','0','Andrew29842@gmail.com','7679500',' ','Computer Engineering','Masters','1.67','1400','1001'),
        ('Richard97810','Richard','Ramirez','0','Richard97810@gmail.com','4164164',' ','Computer Engineering','PHD','3.75','1397','1001'),
        ('Nicki24387','Nicki','Oliveira','1','Nicki24387@gmail.com','1879334',' ','Computer Engineering','PHD','3.97','1398','1001'),
        ('John50021','John','Elliott','0','John50021@gmail.com','3747069',' ','Computer Engineering','Bachelor','3.81','1395','1001'),
        ('Arthur92110','Arthur','Ledet','0','Arthur92110@gmail.com','1999228',' ','Computer Engineering','Bachelor','1.06','1397','1001'),
        ('Barbara22625','Barbara','Rucker','1','Barbara22625@gmail.com','9791420',' ','Computer Engineering','PHD','3.47','1400','1001'),
        ('Nicholas45846','Nicholas','Valdez','0','Nicholas45846@gmail.com','2716661',' ','Computer Engineering','Masters','2.83','1401','1001'),
        ('Nancy27327','Nancy','Kirschner','1','Nancy27327@gmail.com','7337760',' ','Computer Engineering','PHD','1.82','1395','1001'),
        ('Nancy92587','Nancy','Lawson','1','Nancy92587@gmail.com','3762662',' ','Computer Engineering','Masters','1.28','1397','1001'),
        ('Beau11140','Beau','Elder','0','Beau11140@gmail.com','8718431',' ','Computer Engineering','Bachelor','3.54','1396','1001'),
        ('Jana99048','Jana','Huff','1','Jana99048@gmail.com','3412791',' ','Computer Engineering','PHD','2.33','1397','1001'),
        ('Jesse42168','Jesse','Boatright','0','Jesse42168@gmail.com','7623731',' ','Computer Engineering','Masters','2.65','1397','1001'),
        ('Courtney80719','Courtney','Bounds','1','Courtney80719@gmail.com','4210760',' ','Computer Engineering','Masters','1.54','1397','1001'),
        ('Brenda33802','Brenda','Jimenez','1','Brenda33802@gmail.com','1519832',' ','Computer Engineering','PHD','2.47','1395','1001'),
        ('Jim19697','Jim','Napolitano','0','Jim19697@gmail.com','5115250',' ','Computer Engineering','Bachelor','2.39','1396','1001'),
        ('Bryan60047','Bryan','Williams','0','Bryan60047@gmail.com','8814912',' ','Computer Engineering','Masters','2.80','1399','1001'),
        ('Brent15863','Brent','Holm','0','Brent15863@gmail.com','9677101',' ','Computer Engineering','PHD','3.32','1397','1001'),
        ('Charles68440','Charles','Gent','0','Charles68440@gmail.com','2233262',' ','Computer Engineering','PHD','1.64','1395','1001'),
        ('Stefan29804','Stefan','Kent','0','Stefan29804@gmail.com','3556055',' ','Computer Engineering','Bachelor','1.16','1398','1001'),
        ('Mamie56889','Mamie','Carter','1','Mamie56889@gmail.com','4790076',' ','Computer Engineering','Bachelor','3.76','1396','1001'),
        ('Laura46435','Laura','Johnson','1','Laura46435@gmail.com','9705743',' ','Computer Engineering','Masters','3.06','1398','1001'),
        ('Trisha71162','Trisha','Schmid','1','Trisha71162@gmail.com','4066038',' ','Computer Engineering','Masters','3.41','1399','1001'),
        ('Eva75484','Eva','Kelley','1','Eva75484@gmail.com','6335987',' ','Computer Engineering','Bachelor','3.29','1398','1001'),
        ('John21216','John','Ross','0','John21216@gmail.com','9098699',' ','Computer Engineering','PHD','1.88','1401','1001'),
        ('Raymond70931','Raymond','Czech','0','Raymond70931@gmail.com','1265975',' ','Computer Engineering','Masters','1.56','1400','1001'),
        ('Hubert24242','Hubert','Hunley','0','Hubert24242@gmail.com','8366711',' ','Computer Engineering','Masters','2.49','1395','1001'),
        ('Margaret99470','Margaret','Naylor','1','Margaret99470@gmail.com','6071871',' ','Computer Engineering','Bachelor','1.79','1399','1001'),
        ('William65031','William','Morris','0','William65031@gmail.com','8069450',' ','Computer Engineering','Bachelor','2.51','1396','1001'),
        ('Alicia95341','Alicia','Anthony','1','Alicia95341@gmail.com','8075794',' ','Computer Engineering','PHD','2.55','1401','1001'),
        ('Jerry28540','Jerry','Yarbrough','0','Jerry28540@gmail.com','5595307',' ','Computer Engineering','Masters','1.86','1400','1001'),
        ('Nancy77929','Nancy','Hodges','1','Nancy77929@gmail.com','8844138',' ','Computer Engineering','Bachelor','1.58','1401','1001'),
        ('Patricia10321','Patricia','Durham','1','Patricia10321@gmail.com','1591751',' ','Computer Engineering','Masters','2.47','1397','1001'),
        ('Anna14953','Anna','Goeller','1','Anna14953@gmail.com','4005017',' ','Computer Engineering','Masters','1.86','1401','1001'),
        ('Stacey18857','Stacey','Hedrick','1','Stacey18857@gmail.com','2450134',' ','Computer Engineering','PHD','2.84','1400','1001'),
        ('Aaron43020','Aaron','Pujol','0','Aaron43020@gmail.com','8516370',' ','Computer Engineering','Bachelor','1.62','1395','1001'),
        ('Donald58012','Donald','Clary','0','Donald58012@gmail.com','3090226',' ','Computer Engineering','PHD','1.32','1396','1001'),
        ('Stephen34068','Stephen','Richardson','0','Stephen34068@gmail.com','9104780',' ','Computer Engineering','Masters','2.99','1397','1001'),
        ('Ingeborg95285','Ingeborg','Freeman','1','Ingeborg95285@gmail.com','2635195',' ','Chemistry','PHD','1.37','1401','1002'),
        ('Joe87218','Joe','Green','0','Joe87218@gmail.com','7120450',' ','Chemistry','Masters','3.99','1399','1002'),
        ('Drucilla11825','Drucilla','Nicoletti','1','Drucilla11825@gmail.com','9526253',' ','Chemistry','Bachelor','2.12','1398','1002'),
        ('Leslie78718','Leslie','Hobbs','1','Leslie78718@gmail.com','7990489',' ','Chemistry','Bachelor','1.46','1395','1002'),
        ('John42378','John','Smith','0','John42378@gmail.com','7287364',' ','Chemistry','Masters','1.41','1395','1002'),
        ('Ralph33818','Ralph','Cousins','0','Ralph33818@gmail.com','1800975',' ','Chemistry','Bachelor','3.31','1395','1002'),
        ('Steven48512','Steven','Klein','0','Steven48512@gmail.com','1238833',' ','Chemistry','Masters','1.32','1397','1002'),
        ('Judy22832','Judy','Silva','1','Judy22832@gmail.com','7438730',' ','Chemistry','Masters','2.31','1399','1002'),
        ('Ronald93064','Ronald','Kovach','0','Ronald93064@gmail.com','9875176',' ','Chemistry','Masters','3.00','1396','1002'),
        ('David90068','David','Hartzog','0','David90068@gmail.com','6833448',' ','Chemistry','Bachelor','2.60','1395','1002'),
        ('Edmund63271','Edmund','Shaw','0','Edmund63271@gmail.com','3258526',' ','Chemistry','PHD','1.58','1401','1002'),
        ('Steven66113','Steven','Ryan','0','Steven66113@gmail.com','9471545',' ','Chemistry','PHD','1.53','1395','1002'),
        ('Mary57659','Mary','Witham','1','Mary57659@gmail.com','6936180',' ','Chemistry','Masters','3.21','1399','1002'),
        ('Marjorie93083','Marjorie','Feenstra','1','Marjorie93083@gmail.com','9977366',' ','Chemistry','PHD','1.18','1400','1002'),
        ('Derrick90695','Derrick','Kempf','0','Derrick90695@gmail.com','3790639',' ','Chemistry','Bachelor','1.46','1398','1002'),
        ('William88847','William','Gostlin','0','William88847@gmail.com','3059863',' ','Chemistry','Bachelor','3.39','1399','1002'),
        ('Ronald90224','Ronald','Hammons','0','Ronald90224@gmail.com','6001082',' ','Chemistry','Masters','3.04','1401','1002'),
        ('Jessie51375','Jessie','Stephenson','0','Jessie51375@gmail.com','8206287',' ','Chemistry','Bachelor','3.67','1400','1002'),
        ('Amy92032','Amy','Anklam','1','Amy92032@gmail.com','7191225',' ','Chemistry','Bachelor','2.69','1398','1002'),
        ('Jamie10915','Jamie','Obrien','1','Jamie10915@gmail.com','2980732',' ','Chemistry','PHD','2.06','1395','1002'),
        ('Dolores19920','Dolores','Holmes','1','Dolores19920@gmail.com','6156806',' ','Chemistry','Bachelor','2.60','1401','1002'),
        ('Mellisa36978','Mellisa','Scurry','1','Mellisa36978@gmail.com','1097148',' ','Chemistry','PHD','3.86','1395','1002'),
        ('William66759','William','Hall','0','William66759@gmail.com','7560810',' ','Chemistry','Masters','3.01','1401','1002'),
        ('Mary68086','Mary','Goulet','1','Mary68086@gmail.com','8968862',' ','Chemistry','Masters','2.17','1395','1002'),
        ('Jeffrey71421','Jeffrey','Gould','0','Jeffrey71421@gmail.com','7807409',' ','Chemistry','PHD','3.14','1399','1002'),
        ('William15002','William','Eastham','0','William15002@gmail.com','6029070',' ','Chemistry','Masters','1.83','1396','1002'),
        ('Paul77629','Paul','Satterfield','0','Paul77629@gmail.com','5716518',' ','Chemistry','Bachelor','3.45','1396','1002'),
        ('Peter84657','Peter','Medas','0','Peter84657@gmail.com','2992912',' ','Chemistry','Bachelor','2.67','1397','1002'),
        ('Josh32310','Josh','Noonkester','0','Josh32310@gmail.com','6706795',' ','Chemistry','Masters','3.92','1396','1002'),
        ('Sarah68527','Sarah','Cole','1','Sarah68527@gmail.com','5657467',' ','Chemistry','Bachelor','3.56','1400','1002'),
        ('Anthony36802','Anthony','Ling','0','Anthony36802@gmail.com','2088221',' ','Chemistry','Bachelor','1.16','1396','1002'),
        ('Ann15794','Ann','Clark','1','Ann15794@gmail.com','2460668',' ','Chemistry','Masters','3.37','1396','1002'),
        ('Thomas67496','Thomas','Grimm','0','Thomas67496@gmail.com','4021298',' ','Chemistry','Bachelor','2.53','1397','1002'),
        ('Donald80611','Donald','Neilsen','0','Donald80611@gmail.com','4989733',' ','Chemistry','Masters','3.37','1400','1002'),
        ('Mary22314','Mary','Glass','1','Mary22314@gmail.com','7343140',' ','Chemistry','Masters','3.35','1401','1002'),
        ('Matthew18977','Matthew','Chu','0','Matthew18977@gmail.com','8908143',' ','Chemistry','PHD','1.95','1397','1002'),
        ('Jose24175','Jose','Giddens','0','Jose24175@gmail.com','6214757',' ','Chemistry','Masters','3.06','1400','1002'),
        ('Alycia10386','Alycia','Ledoux','1','Alycia10386@gmail.com','2874509',' ','Chemistry','Masters','1.14','1397','1002'),
        ('Thomas94952','Thomas','Smith','0','Thomas94952@gmail.com','5330345',' ','Chemistry','Bachelor','2.16','1395','1002'),
        ('Linda92303','Linda','Homer','1','Linda92303@gmail.com','4288261',' ','Chemistry','Bachelor','2.55','1401','1002'),
        ('Stella97839','Stella','Ruiz','1','Stella97839@gmail.com','7778476',' ','Chemistry','PHD','2.02','1397','1002'),
        ('Joshua15620','Joshua','Solian','0','Joshua15620@gmail.com','5236919',' ','Mathematics','PHD','2.31','1401','1003'),
        ('David48969','David','Rarden','0','David48969@gmail.com','7648574',' ','Mathematics','Bachelor','2.65','1396','1003'),
        ('Christina43986','Christina','Bagdon','1','Christina43986@gmail.com','6335143',' ','Mathematics','PHD','2.72','1399','1003'),
        ('Jewel61013','Jewel','Graves','1','Jewel61013@gmail.com','1577493',' ','Mathematics','Masters','1.11','1401','1003'),
        ('Manuel27940','Manuel','Smith','0','Manuel27940@gmail.com','3432362',' ','Mathematics','Bachelor','2.91','1400','1003'),
        ('Douglas83464','Douglas','Na','0','Douglas83464@gmail.com','4125382',' ','Mathematics','PHD','2.98','1398','1003'),
        ('Sonia28444','Sonia','Delosantos','1','Sonia28444@gmail.com','5452158',' ','Mathematics','Masters','2.17','1398','1003'),
        ('James20160','James','Perez','0','James20160@gmail.com','9606488',' ','Mathematics','Bachelor','3.84','1401','1003'),
        ('Angela81453','Angela','Balmos','1','Angela81453@gmail.com','3135905',' ','Mathematics','PHD','3.80','1395','1003'),
        ('Charles52361','Charles','Parker','0','Charles52361@gmail.com','6465480',' ','Mathematics','Bachelor','3.82','1400','1003'),
        ('Shawn32539','Shawn','Sanchez','0','Shawn32539@gmail.com','7145846',' ','Mathematics','PHD','1.67','1399','1003'),
        ('James84071','James','Arrowsmith','0','James84071@gmail.com','2326782',' ','Mathematics','Bachelor','2.53','1396','1003'),
        ('Esmeralda47768','Esmeralda','Champion','1','Esmeralda47768@gmail.com','7572383',' ','Mathematics','Masters','2.58','1396','1003'),
        ('Linda86881','Linda','Lackey','1','Linda86881@gmail.com','7006596',' ','Mathematics','Masters','1.10','1395','1003'),
        ('Audrey22929','Audrey','Lindsey','1','Audrey22929@gmail.com','2472560',' ','Mathematics','Masters','1.71','1400','1003'),
        ('Josephine37341','Josephine','Fraizer','1','Josephine37341@gmail.com','7666007',' ','Mathematics','Bachelor','3.83','1401','1003'),
        ('James27279','James','Lemke','0','James27279@gmail.com','2929437',' ','Mathematics','Masters','3.36','1398','1003'),
        ('Donald82078','Donald','Mclanahan','0','Donald82078@gmail.com','5772531',' ','Mathematics','PHD','1.51','1395','1003'),
        ('Kevin45224','Kevin','Klingel','0','Kevin45224@gmail.com','5928775',' ','Mathematics','Masters','2.17','1395','1003'),
        ('Vicki46788','Vicki','Gostlin','1','Vicki46788@gmail.com','1906725',' ','Mathematics','Masters','3.93','1398','1003'),
        ('Janeen18074','Janeen','Wallen','1','Janeen18074@gmail.com','9182814',' ','Mathematics','Bachelor','2.69','1399','1003'),
        ('Renda75042','Renda','Bryant','1','Renda75042@gmail.com','8543328',' ','Mathematics','PHD','3.21','1400','1003'),
        ('Jamie68254','Jamie','Davis','1','Jamie68254@gmail.com','9450618',' ','Mathematics','Masters','3.31','1398','1003'),
        ('Willie41156','Willie','Hughett','1','Willie41156@gmail.com','8338615',' ','Mathematics','Masters','1.60','1401','1003'),
        ('Audrey86566','Audrey','Johnston','1','Audrey86566@gmail.com','2955381',' ','Mathematics','PHD','2.73','1400','1003'),
        ('Billy33624','Billy','Holsapple','0','Billy33624@gmail.com','1552501',' ','Mathematics','Bachelor','1.42','1397','1003'),
        ('Dee78993','Dee','Mackiewicz','1','Dee78993@gmail.com','6397986',' ','Mathematics','Masters','1.12','1398','1003'),
        ('Kerry72284','Kerry','Rush','1','Kerry72284@gmail.com','2638154',' ','Mathematics','PHD','1.01','1400','1003'),
        ('Jeffrey48296','Jeffrey','Parham','0','Jeffrey48296@gmail.com','2844556',' ','Mathematics','Masters','3.99','1399','1003'),
        ('Michael56551','Michael','Berman','0','Michael56551@gmail.com','7207810',' ','Mathematics','Bachelor','1.59','1395','1003'),
        ('Ramiro25142','Ramiro','Best','0','Ramiro25142@gmail.com','8549724',' ','Mathematics','Bachelor','1.41','1395','1003'),
        ('Jo29822','Jo','Proctor','1','Jo29822@gmail.com','8109402',' ','Mathematics','PHD','3.55','1397','1003'),
        ('Richard30751','Richard','Johnson','0','Richard30751@gmail.com','8193155',' ','Mathematics','Bachelor','1.73','1396','1003'),
        ('Russell76350','Russell','Williams','0','Russell76350@gmail.com','8606906',' ','Mathematics','Bachelor','1.83','1401','1003'),
        ('Mark67629','Mark','Tellefson','0','Mark67629@gmail.com','9064904',' ','Physics','Bachelor','3.16','1399','1004'),
        ('James98757','James','Mckeel','0','James98757@gmail.com','4310234',' ','Physics','Bachelor','1.48','1397','1004'),
        ('Mary50329','Mary','Hayes','1','Mary50329@gmail.com','1513487',' ','Physics','Bachelor','1.79','1400','1004'),
        ('Marie69715','Marie','Bannon','1','Marie69715@gmail.com','4343486',' ','Physics','Bachelor','2.20','1399','1004'),
        ('David35999','David','Holmes','0','David35999@gmail.com','7617353',' ','Physics','PHD','2.72','1401','1004'),
        ('Curtis32563','Curtis','Mansur','0','Curtis32563@gmail.com','8074335',' ','Physics','PHD','2.93','1401','1004'),
        ('Brandy78066','Brandy','Raitz','1','Brandy78066@gmail.com','5584165',' ','Physics','Bachelor','2.03','1399','1004'),
        ('Earl79910','Earl','Fernandez','0','Earl79910@gmail.com','7044092',' ','Physics','Masters','3.60','1395','1004'),
        ('Steve41865','Steve','Leech','0','Steve41865@gmail.com','9649819',' ','Physics','Bachelor','3.08','1395','1004'),
        ('Frederick23779','Frederick','Pierre','0','Frederick23779@gmail.com','4613772',' ','Physics','PHD','3.96','1396','1004'),
        ('James60831','James','Morris','0','James60831@gmail.com','4107820',' ','Physics','PHD','2.37','1400','1004'),
        ('Andrea79609','Andrea','Burns','1','Andrea79609@gmail.com','7349830',' ','Physics','Masters','1.43','1399','1004'),
        ('Jody29801','Jody','Lewis','0','Jody29801@gmail.com','5162176',' ','Physics','Masters','3.93','1396','1004'),
        ('Kieth34269','Kieth','Keyes','0','Kieth34269@gmail.com','7401890',' ','Physics','PHD','2.96','1401','1004'),
        ('Scott44080','Scott','Calderon','0','Scott44080@gmail.com','8078146',' ','Physics','Bachelor','1.58','1396','1004'),
        ('Jean53930','Jean','Beltz','1','Jean53930@gmail.com','3301187',' ','Physics','Bachelor','2.30','1400','1004'),
        ('Antionette86278','Antionette','Lemons','1','Antionette86278@gmail.com','4215010',' ','Physics','PHD','3.74','1395','1004'),
        ('Vanessa64860','Vanessa','Partis','1','Vanessa64860@gmail.com','5992181',' ','Physics','Bachelor','2.77','1400','1004'),
        ('John65246','John','Weatherford','0','John65246@gmail.com','9362935',' ','Physics','Bachelor','1.83','1401','1004'),
        ('Meagan92626','Meagan','Poquette','1','Meagan92626@gmail.com','4841410',' ','Physics','Bachelor','2.43','1398','1004'),
        ('Robert25508','Robert','Reitan','0','Robert25508@gmail.com','6284138',' ','Physics','Bachelor','1.34','1395','1004'),
        ('Rey60725','Rey','Travis','0','Rey60725@gmail.com','6825171',' ','Physics','PHD','1.36','1399','1004'),
        ('Fred62630','Fred','Kallin','0','Fred62630@gmail.com','7606980',' ','Physics','PHD','2.23','1396','1004'),
        ('Victoria53077','Victoria','Trujillo','1','Victoria53077@gmail.com','4422595',' ','Physics','Bachelor','2.58','1398','1004'),
        ('Jerome29123','Jerome','Bodrey','0','Jerome29123@gmail.com','7666550',' ','Physics','Bachelor','3.34','1399','1004'),
        ('Pamela26806','Pamela','Valenti','1','Pamela26806@gmail.com','4223016',' ','Physics','Bachelor','1.20','1400','1004'),
        ('Wonda81553','Wonda','Wright','1','Wonda81553@gmail.com','5748402',' ','Physics','PHD','1.35','1396','1004'),
        ('Elizabeth71127','Elizabeth','Boyd','1','Elizabeth71127@gmail.com','7089653',' ','Physics','PHD','3.57','1396','1004'),
        ('Jaime57612','Jaime','Cartmill','1','Jaime57612@gmail.com','6820171',' ','Physics','Bachelor','1.48','1399','1004'),
        ('Jeremy18887','Jeremy','Hargrove','0','Jeremy18887@gmail.com','8581886',' ','Physics','Bachelor','2.31','1397','1004'),
        ('Daniel50536','Daniel','Gutshall','0','Daniel50536@gmail.com','8564963',' ','Physics','Masters','2.34','1397','1004'),
        ('Brian27948','Brian','Wright','0','Brian27948@gmail.com','2369910',' ','Physics','PHD','3.87','1401','1004'),
        ('Andrea26620','Andrea','Cartagena','1','Andrea26620@gmail.com','5262733',' ','Physics','PHD','4.00','1396','1004'),
        ('Jennifer79585','Jennifer','Murphy','1','Jennifer79585@gmail.com','5680228',' ','Physics','Bachelor','3.19','1397','1004'),
        ('Alice47572','Alice','Joslin','1','Alice47572@gmail.com','1827891',' ','Physics','Bachelor','1.87','1399','1004'),
        ('Alejandro86109','Alejandro','Phillips','0','Alejandro86109@gmail.com','3389159',' ','Physics','PHD','1.40','1400','1004'),
        ('Michael34177','Michael','Carver','0','Michael34177@gmail.com','4432391',' ','Physics','Bachelor','2.01','1395','1004'),
        ('Mary22267','Mary','Arp','1','Mary22267@gmail.com','4836446',' ','Physics','Bachelor','3.49','1396','1004'),
        ('Daniel34847','Daniel','Munson','0','Daniel34847@gmail.com','3704032',' ','Physics','Masters','3.06','1398','1004'),
        ('Jeffrey66328','Jeffrey','Padilla','0','Jeffrey66328@gmail.com','2578870',' ','Physics','Bachelor','1.87','1398','1004'),
        ('Melissa58107','Melissa','Cruz','1','Melissa58107@gmail.com','9645656',' ','Physics','Bachelor','1.42','1400','1004'),
        ('George35201','George','White','0','George35201@gmail.com','9705362',' ','Mechanics Engineering','Masters','3.19','1396','1005'),
        ('Edith25146','Edith','Maisel','1','Edith25146@gmail.com','3417018',' ','Mechanics Engineering','Masters','2.83','1398','1005'),
        ('Randall11796','Randall','Pautz','0','Randall11796@gmail.com','5143834',' ','Mechanics Engineering','PHD','2.88','1398','1005'),
        ('Joshua76229','Joshua','White','0','Joshua76229@gmail.com','2564813',' ','Mechanics Engineering','Bachelor','2.41','1399','1005'),
        ('Olga98530','Olga','Terry','1','Olga98530@gmail.com','9300638',' ','Mechanics Engineering','Bachelor','1.61','1401','1005'),
        ('Carolyn54983','Carolyn','Banks','1','Carolyn54983@gmail.com','4413104',' ','Mechanics Engineering','Bachelor','2.77','1399','1005'),
        ('Kelly90808','Kelly','Mierzwiak','1','Kelly90808@gmail.com','8208870',' ','Mechanics Engineering','PHD','1.41','1401','1005'),
        ('Elsie64809','Elsie','Indermuehle','1','Elsie64809@gmail.com','5801480',' ','Mechanics Engineering','Bachelor','1.52','1396','1005'),
        ('Fay95928','Fay','Derrickson','1','Fay95928@gmail.com','2839632',' ','Mechanics Engineering','Bachelor','1.05','1399','1005'),
        ('Sidney28806','Sidney','Brezenski','0','Sidney28806@gmail.com','8220539',' ','Mechanics Engineering','Bachelor','2.13','1396','1005'),
        ('Cecile54664','Cecile','Baker','1','Cecile54664@gmail.com','8233693',' ','Mechanics Engineering','PHD','3.24','1398','1005'),
        ('Carol69188','Carol','Klar','1','Carol69188@gmail.com','4887637',' ','Mechanics Engineering','Masters','3.45','1398','1005'),
        ('Leona68962','Leona','Carrabine','1','Leona68962@gmail.com','8079287',' ','Mechanics Engineering','Masters','2.51','1395','1005'),
        ('Helen20657','Helen','Skelton','1','Helen20657@gmail.com','9041046',' ','Mechanics Engineering','Masters','2.47','1395','1005'),
        ('Michael16977','Michael','Esquivel','0','Michael16977@gmail.com','8055405',' ','Mechanics Engineering','Bachelor','1.84','1401','1005'),
        ('Heather25486','Heather','Wilson','1','Heather25486@gmail.com','9989486',' ','Mechanics Engineering','Masters','2.82','1401','1005'),
        ('Patricia19484','Patricia','Shebby','1','Patricia19484@gmail.com','1928049',' ','Mechanics Engineering','Bachelor','1.42','1398','1005'),
        ('Eugene89581','Eugene','Arnold','0','Eugene89581@gmail.com','1254300',' ','Mechanics Engineering','PHD','1.53','1401','1005'),
        ('Denise48252','Denise','Williams','1','Denise48252@gmail.com','5484299',' ','Mechanics Engineering','PHD','1.96','1399','1005'),
        ('Mary23651','Mary','Hughes','1','Mary23651@gmail.com','3376371',' ','Mechanics Engineering','PHD','3.77','1397','1005'),
        ('Christopher94468','Christopher','Baca','0','Christopher94468@gmail.com','2778487',' ','Mechanics Engineering','Masters','3.08','1401','1005'),
        ('Arlene91459','Arlene','Smith','1','Arlene91459@gmail.com','4931269',' ','Mechanics Engineering','PHD','3.99','1398','1005'),
        ('Michael57137','Michael','Claar','0','Michael57137@gmail.com','8131846',' ','Mechanics Engineering','Bachelor','3.07','1395','1005'),
        ('Garrett30345','Garrett','Fennern','0','Garrett30345@gmail.com','4154216',' ','Mechanics Engineering','Bachelor','1.64','1400','1005'),
        ('Dewey35408','Dewey','Alvey','0','Dewey35408@gmail.com','8971185',' ','Mechanics Engineering','PHD','3.41','1397','1005'),
        ('Mae43247','Mae','Prahm','1','Mae43247@gmail.com','8362259',' ','Mechanics Engineering','Masters','2.53','1401','1005'),
        ('Gregory23028','Gregory','Patterson','0','Gregory23028@gmail.com','7966112',' ','Mechanics Engineering','Bachelor','2.75','1395','1005'),
        ('Gary13530','Gary','Tigerino','0','Gary13530@gmail.com','2225118',' ','Mechanics Engineering','PHD','1.03','1395','1005'),
        ('Earnest79168','Earnest','Thrasher','0','Earnest79168@gmail.com','3224359',' ','Mechanics Engineering','Bachelor','2.34','1395','1005'),
        ('Slyvia72103','Slyvia','Taylor','1','Slyvia72103@gmail.com','4641037',' ','Mechanics Engineering','Masters','3.58','1395','1005'),
        ('Phyllis58369','Phyllis','Strong','1','Phyllis58369@gmail.com','5028377',' ','Mechanics Engineering','PHD','3.29','1398','1005'),
        ('Michael93202','Michael','Marks','0','Michael93202@gmail.com','1677027',' ','Mechanics Engineering','Bachelor','2.34','1397','1005'),
        ('Eloisa86338','Eloisa','Gonzalez','1','Eloisa86338@gmail.com','2009896',' ','Mechanics Engineering','PHD','1.28','1400','1005'),
        ('Eddie70738','Eddie','Bunch','0','Eddie70738@gmail.com','3574360',' ','Mechanics Engineering','Bachelor','3.37','1398','1005'),
        ('Rebecca28083','Rebecca','Scott','1','Rebecca28083@gmail.com','5212233',' ','Mechanics Engineering','Masters','3.27','1399','1005'),
        ('Diana62891','Diana','Davis','1','Diana62891@gmail.com','6909849',' ','Industrial Engineering','Masters','3.96','1400','1006'),
        ('Robert59358','Robert','Brehmer','0','Robert59358@gmail.com','4582973',' ','Industrial Engineering','PHD','1.09','1399','1006'),
        ('Kristina89177','Kristina','Levy','1','Kristina89177@gmail.com','5232716',' ','Industrial Engineering','Masters','2.42','1399','1006'),
        ('James52790','James','Baldwin','0','James52790@gmail.com','7325450',' ','Industrial Engineering','Masters','3.94','1401','1006'),
        ('Janice67478','Janice','Saucier','1','Janice67478@gmail.com','2065517',' ','Industrial Engineering','PHD','3.60','1401','1006'),
        ('Nelson22678','Nelson','Billington','0','Nelson22678@gmail.com','8784659',' ','Industrial Engineering','PHD','1.60','1401','1006'),
        ('Allison98765','Allison','Morton','1','Allison98765@gmail.com','3976162',' ','Industrial Engineering','Bachelor','3.26','1397','1006'),
        ('Kyle29296','Kyle','Foust','0','Kyle29296@gmail.com','1994681',' ','Industrial Engineering','Bachelor','1.48','1398','1006'),
        ('Barry10236','Barry','Marr','0','Barry10236@gmail.com','7141654',' ','Industrial Engineering','PHD','3.99','1400','1006'),
        ('Ben76771','Ben','Thorpe','0','Ben76771@gmail.com','5415351',' ','Industrial Engineering','PHD','2.45','1398','1006'),
        ('Jerry36819','Jerry','Evans','0','Jerry36819@gmail.com','4650243',' ','Industrial Engineering','Masters','2.29','1399','1006'),
        ('Myron35645','Myron','Hudson','0','Myron35645@gmail.com','5079807',' ','Industrial Engineering','Masters','2.26','1396','1006'),
        ('Gloria49750','Gloria','Blais','1','Gloria49750@gmail.com','5360379',' ','Industrial Engineering','PHD','2.42','1396','1006'),
        ('Diane26737','Diane','Howarth','1','Diane26737@gmail.com','7093839',' ','Industrial Engineering','PHD','1.45','1396','1006'),
        ('Kathleen24925','Kathleen','Peiper','1','Kathleen24925@gmail.com','4456228',' ','Industrial Engineering','Masters','2.25','1399','1006'),
        ('Daniel87824','Daniel','Forcello','0','Daniel87824@gmail.com','3119980',' ','Industrial Engineering','PHD','3.25','1395','1006'),
        ('Martin70390','Martin','Croy','0','Martin70390@gmail.com','9378154',' ','Industrial Engineering','Bachelor','1.02','1398','1006'),
        ('Marcus30040','Marcus','Heyward','0','Marcus30040@gmail.com','7631404',' ','Industrial Engineering','Masters','2.66','1396','1006'),
        ('Robert72455','Robert','Holtz','0','Robert72455@gmail.com','1006808',' ','Industrial Engineering','Masters','2.63','1399','1006'),
        ('Dena62595','Dena','Biggs','1','Dena62595@gmail.com','4186848',' ','Industrial Engineering','Masters','2.69','1400','1006'),
        ('Wiley45567','Wiley','Veneziano','0','Wiley45567@gmail.com','8931460',' ','Industrial Engineering','Masters','3.40','1397','1006'),
        ('Reginald36676','Reginald','Lucas','0','Reginald36676@gmail.com','3140064',' ','Industrial Engineering','PHD','3.95','1401','1006'),
        ('Arturo37001','Arturo','Harris','0','Arturo37001@gmail.com','3774586',' ','Industrial Engineering','Bachelor','2.78','1399','1006'),
        ('Florence28790','Florence','Nickerson','1','Florence28790@gmail.com','7198575',' ','Industrial Engineering','PHD','2.74','1396','1006'),
        ('Charles55413','Charles','Negron','0','Charles55413@gmail.com','8975996',' ','Industrial Engineering','PHD','2.01','1401','1006'),
        ('John82484','John','Tharp','0','John82484@gmail.com','5389421',' ','Industrial Engineering','Masters','1.78','1395','1006'),
        ('Rosa42704','Rosa','Wilson','1','Rosa42704@gmail.com','7880931',' ','Industrial Engineering','Masters','2.71','1400','1006'),
        ('Mark98499','Mark','Moore','0','Mark98499@gmail.com','8012906',' ','Industrial Engineering','PHD','2.30','1399','1006'),
        ('Jody37935','Jody','Randolph','0','Jody37935@gmail.com','3183663',' ','Industrial Engineering','Bachelor','3.00','1399','1006'),
        ('Claire12006','Claire','Jansen','1','Claire12006@gmail.com','3498112',' ','Industrial Engineering','Masters','1.34','1396','1006'),
        ('Charles45115','Charles','Goodman','0','Charles45115@gmail.com','4650222',' ','Industrial Engineering','PHD','3.05','1396','1006'),
        ('Bertha20744','Bertha','Cormier','1','Bertha20744@gmail.com','8025354',' ','Industrial Engineering','PHD','1.07','1395','1006'),
        ('Jeff87023','Jeff','Guerette','0','Jeff87023@gmail.com','5377256',' ','Industrial Engineering','Masters','3.22','1395','1006'),
        ('John78413','John','Mangram','0','John78413@gmail.com','9914892',' ','Industrial Engineering','Bachelor','1.13','1397','1006'),
        ('Thomas10591','Thomas','Oliveri','0','Thomas10591@gmail.com','2408412',' ','Industrial Engineering','PHD','2.31','1398','1006'),
        ('Patrick59912','Patrick','Watson','0','Patrick59912@gmail.com','5544185',' ','Industrial Engineering','PHD','1.87','1398','1006'),
        ('Edward57152','Edward','Lynn','0','Edward57152@gmail.com','1619173',' ','Industrial Engineering','PHD','3.38','1397','1006'),
        ('Suzanne95903','Suzanne','Smith','1','Suzanne95903@gmail.com','2840490',' ','Industrial Engineering','Bachelor','1.66','1398','1006'),
        ('Alva20396','Alva','Mccreary','0','Alva20396@gmail.com','3725802',' ','Industrial Engineering','Bachelor','1.39','1400','1006')

INSERT	INTO [Admin](username, first_name, last_name, gender, email, [password], about, rating, review_count)
		VALUES
		('Allen29055','Allen','Gandhi','0','Allen29055@gmail.com','5483644',' ','0','0'),
		('Harold17712','Harold','Welker','0','Harold17712@gmail.com','3970605',' ','0','0'),
		('Donald51896','Donald','Powers','0','Donald51896@gmail.com','6439206',' ','0','0'),
		('Maryellen81374','Maryellen','Schilk','1','Maryellen81374@gmail.com','5051523',' ','0','0'),
		('Dana51300','Dana','Lopez','1','Dana51300@gmail.com','9021022',' ','0','0'),
		('Gail45078','Gail','Adcox','1','Gail45078@gmail.com','3650435',' ','0','0'),
		('Richard42103','Richard','Carey','0','Richard42103@gmail.com','3126539',' ','0','0'),
		('Debora63318','Debora','Long','1','Debora63318@gmail.com','7873756',' ','0','0'),
		('Carol73226','Carol','Johnson','1','Carol73226@gmail.com','3311639',' ','0','0'),
		('James61042','James','Bosco','0','James61042@gmail.com','5211297',' ','0','0')

INSERT	INTO Professor(username, first_name, last_name, gender, email, [password], about, school_id)
		VALUES
		('Helen69295','Helen','Hayes','1','Helen69295@gmail.com','6695655',' ','1001'),
		('Dorothy67428','Dorothy','Gibson','1','Dorothy67428@gmail.com','5207913',' ','1001'),
		('Hector23269','Hector','Moses','0','Hector23269@gmail.com','6288719',' ','1001'),
		('Joseph33725','Joseph','Dondero','0','Joseph33725@gmail.com','1979391',' ','1001'),
		('Michelle48224','Michelle','Berntson','1','Michelle48224@gmail.com','3449110',' ','1002'),
		('Antonio85995','Antonio','Infantino','0','Antonio85995@gmail.com','9280303',' ','1002'),
		('Mi75959','Mi','Kelley','1','Mi75959@gmail.com','4747014',' ','1002'),
		('Luke26824','Luke','Maxey','0','Luke26824@gmail.com','3790022',' ','1003'),
		('Diana90828','Diana','Gilbert','1','Diana90828@gmail.com','2589942',' ','1003'),
		('Holly41486','Holly','Prince','1','Holly41486@gmail.com','9527245',' ','1004'),
		('Michael63617','Michael','Newson','0','Michael63617@gmail.com','2841924',' ','1004'),
		('Maryann13044','Maryann','Chow','1','Maryann13044@gmail.com','8469204',' ','1004'),
		('Francisco75890','Francisco','Jackson','0','Francisco75890@gmail.com','6430028',' ','1004'),
		('Sharon52603','Sharon','Wilcox','1','Sharon52603@gmail.com','9530732',' ','1005'),
		('Greg97262','Greg','Purvis','0','Greg97262@gmail.com','1957858',' ','1005'),
		('Allison11136','Allison','Marana','1','Allison11136@gmail.com','2933071',' ','1005'),
		('Rita12224','Rita','Ferguson','1','Rita12224@gmail.com','4834528',' ','1005'),
		('Vera37103','Vera','Jackson','1','Vera37103@gmail.com','2606970',' ','1006'),
		('Graciela51342','Graciela','Wakley','1','Graciela51342@gmail.com','7179966',' ','1006'),
		('Evelyn19186','Evelyn','Oates','1','Evelyn19186@gmail.com','8436425',' ','1006'),
		('Christi65415','Christi','Schroeder','1','Christi65415@gmail.com','3064188',' ','1006')

INSERT	INTO Time_Span([weekday], start_time, end_time)
		VALUES
		('Monday','07:30','09:00'),
		('Monday','09:00','10:30'),
		('Monday','10:30','12:00'),
		('Monday','12:00','13:30'),
		('Monday','13:30','15:00'),
		('Monday','15:00','14:30'),
		('Tuesday','07:30','09:00'),
		('Tuesday','09:00','10:30'),
		('Tuesday','10:30','12:00'),
		('Tuesday','12:00','13:30'),
		('Tuesday','13:30','15:00'),
		('Tuesday','15:00','14:30'),
		('Wednesday','07:30','09:00'),
		('Wednesday','09:00','10:30'),
		('Wednesday','10:30','12:00'),
		('Wednesday','12:00','13:30'),
		('Wednesday','13:30','15:00'),
		('Wednesday','15:00','14:30'),
		('Thursday','07:30','09:00'),
		('Thursday','09:00','10:30'),
		('Thursday','10:30','12:00'),
		('Thursday','12:00','13:30'),
		('Thursday','13:30','15:00'),
		('Thursday','15:00','14:30'),
		('Friday','07:30','09:00'),
		('Friday','09:00','10:30'),
		('Friday','10:30','12:00'),
		('Friday','12:00','13:30'),
		('Friday','13:30','15:00'),
		('Friday','15:00','14:30')

INSERT	INTO Professor_Work_Hours(p_username, ts_id)
		VALUES
		('Allison11136','22'),
		('Allison11136','16'),
		('Allison11136','2'),
		('Allison11136','5'),
		('Allison11136','23'),
		('Allison11136','4'),
		('Allison11136','26'),
		('Allison11136','17'),
		('Allison11136','21'),
		('Allison11136','1'),
		('Allison11136','6'),
		('Allison11136','28'),
		('Allison11136','27'),
		('Allison11136','29'),
		('Allison11136','18'),
		('Allison11136','3'),
		('Allison11136','11'),
		('Allison11136','20'),
		('Allison11136','15'),
		('Allison11136','14'),
		('Antonio85995','29'),
		('Antonio85995','13'),
		('Antonio85995','28'),
		('Antonio85995','22'),
		('Antonio85995','5'),
		('Antonio85995','14'),
		('Antonio85995','8'),
		('Antonio85995','25'),
		('Antonio85995','9'),
		('Antonio85995','2'),
		('Antonio85995','15'),
		('Antonio85995','19'),
		('Antonio85995','16'),
		('Antonio85995','7'),
		('Antonio85995','17'),
		('Antonio85995','26'),
		('Antonio85995','30'),
		('Antonio85995','24'),
		('Antonio85995','4'),
		('Antonio85995','1'),
		('Christi65415','17'),
		('Christi65415','23'),
		('Christi65415','14'),
		('Christi65415','27'),
		('Christi65415','4'),
		('Christi65415','6'),
		('Christi65415','16'),
		('Christi65415','20'),
		('Christi65415','22'),
		('Christi65415','18'),
		('Christi65415','10'),
		('Christi65415','26'),
		('Christi65415','1'),
		('Christi65415','29'),
		('Christi65415','13'),
		('Christi65415','24'),
		('Christi65415','2'),
		('Christi65415','15'),
		('Christi65415','30'),
		('Christi65415','3'),
		('Diana90828','14'),
		('Diana90828','2'),
		('Diana90828','17'),
		('Diana90828','22'),
		('Diana90828','15'),
		('Diana90828','11'),
		('Diana90828','26'),
		('Diana90828','6'),
		('Diana90828','9'),
		('Diana90828','20'),
		('Diana90828','21'),
		('Diana90828','16'),
		('Diana90828','8'),
		('Diana90828','25'),
		('Diana90828','19'),
		('Diana90828','18'),
		('Diana90828','12'),
		('Diana90828','29'),
		('Diana90828','4'),
		('Diana90828','23'),
		('Dorothy67428','1'),
		('Dorothy67428','3'),
		('Dorothy67428','6'),
		('Dorothy67428','9'),
		('Dorothy67428','14'),
		('Dorothy67428','26'),
		('Dorothy67428','21'),
		('Dorothy67428','12'),
		('Dorothy67428','27'),
		('Dorothy67428','16'),
		('Dorothy67428','30'),
		('Dorothy67428','22'),
		('Dorothy67428','18'),
		('Dorothy67428','11'),
		('Dorothy67428','17'),
		('Dorothy67428','7'),
		('Dorothy67428','2'),
		('Dorothy67428','10'),
		('Dorothy67428','5'),
		('Dorothy67428','4'),
		('Evelyn19186','26'),
		('Evelyn19186','8'),
		('Evelyn19186','24'),
		('Evelyn19186','5'),
		('Evelyn19186','19'),
		('Evelyn19186','10'),
		('Evelyn19186','9'),
		('Evelyn19186','15'),
		('Evelyn19186','11'),
		('Evelyn19186','7'),
		('Evelyn19186','23'),
		('Evelyn19186','16'),
		('Evelyn19186','18'),
		('Evelyn19186','21'),
		('Evelyn19186','14'),
		('Evelyn19186','30'),
		('Evelyn19186','25'),
		('Evelyn19186','29'),
		('Evelyn19186','27'),
		('Evelyn19186','20'),
		('Francisco75890','5'),
		('Francisco75890','18'),
		('Francisco75890','11'),
		('Francisco75890','22'),
		('Francisco75890','30'),
		('Francisco75890','29'),
		('Francisco75890','3'),
		('Francisco75890','2'),
		('Francisco75890','1'),
		('Francisco75890','25'),
		('Francisco75890','21'),
		('Francisco75890','15'),
		('Francisco75890','16'),
		('Francisco75890','9'),
		('Francisco75890','7'),
		('Francisco75890','12'),
		('Francisco75890','6'),
		('Francisco75890','28'),
		('Francisco75890','24'),
		('Francisco75890','10'),
		('Graciela51342','24'),
		('Graciela51342','14'),
		('Graciela51342','23'),
		('Graciela51342','19'),
		('Graciela51342','1'),
		('Graciela51342','12'),
		('Graciela51342','3'),
		('Graciela51342','9'),
		('Graciela51342','21'),
		('Graciela51342','25'),
		('Graciela51342','18'),
		('Graciela51342','13'),
		('Graciela51342','6'),
		('Graciela51342','5'),
		('Graciela51342','22'),
		('Graciela51342','11'),
		('Graciela51342','10'),
		('Graciela51342','30'),
		('Graciela51342','27'),
		('Graciela51342','26'),
		('Greg97262','15'),
		('Greg97262','23'),
		('Greg97262','13'),
		('Greg97262','8'),
		('Greg97262','7'),
		('Greg97262','4'),
		('Greg97262','17'),
		('Greg97262','9'),
		('Greg97262','6'),
		('Greg97262','16'),
		('Greg97262','24'),
		('Greg97262','18'),
		('Greg97262','26'),
		('Greg97262','19'),
		('Greg97262','25'),
		('Greg97262','22'),
		('Greg97262','11'),
		('Greg97262','14'),
		('Greg97262','2'),
		('Greg97262','20'),
		('Hector23269','10'),
		('Hector23269','13'),
		('Hector23269','4'),
		('Hector23269','19'),
		('Hector23269','15'),
		('Hector23269','17'),
		('Hector23269','22'),
		('Hector23269','8'),
		('Hector23269','12'),
		('Hector23269','6'),
		('Hector23269','23'),
		('Hector23269','9'),
		('Hector23269','27'),
		('Hector23269','11'),
		('Hector23269','25'),
		('Hector23269','7'),
		('Hector23269','1'),
		('Hector23269','3'),
		('Hector23269','21'),
		('Hector23269','20'),
		('Helen69295','3'),
		('Helen69295','10'),
		('Helen69295','6'),
		('Helen69295','16'),
		('Helen69295','5'),
		('Helen69295','15'),
		('Helen69295','26'),
		('Helen69295','1'),
		('Helen69295','2'),
		('Helen69295','23'),
		('Helen69295','11'),
		('Helen69295','19'),
		('Helen69295','20'),
		('Helen69295','27'),
		('Helen69295','28'),
		('Helen69295','21'),
		('Helen69295','4'),
		('Helen69295','8'),
		('Helen69295','14'),
		('Helen69295','29'),
		('Holly41486','29'),
		('Holly41486','14'),
		('Holly41486','4'),
		('Holly41486','24'),
		('Holly41486','20'),
		('Holly41486','17'),
		('Holly41486','26'),
		('Holly41486','13'),
		('Holly41486','18'),
		('Holly41486','28'),
		('Holly41486','12'),
		('Holly41486','22'),
		('Holly41486','2'),
		('Holly41486','11'),
		('Holly41486','15'),
		('Holly41486','19'),
		('Holly41486','9'),
		('Holly41486','25'),
		('Holly41486','16'),
		('Holly41486','23'),
		('Joseph33725','29'),
		('Joseph33725','11'),
		('Joseph33725','26'),
		('Joseph33725','21'),
		('Joseph33725','3'),
		('Joseph33725','14'),
		('Joseph33725','22'),
		('Joseph33725','23'),
		('Joseph33725','28'),
		('Joseph33725','20'),
		('Joseph33725','6'),
		('Joseph33725','2'),
		('Joseph33725','10'),
		('Joseph33725','5'),
		('Joseph33725','4'),
		('Joseph33725','8'),
		('Joseph33725','27'),
		('Joseph33725','18'),
		('Joseph33725','12'),
		('Joseph33725','15'),
		('Luke26824','30'),
		('Luke26824','3'),
		('Luke26824','27'),
		('Luke26824','11'),
		('Luke26824','12'),
		('Luke26824','10'),
		('Luke26824','22'),
		('Luke26824','17'),
		('Luke26824','19'),
		('Luke26824','7'),
		('Luke26824','15'),
		('Luke26824','21'),
		('Luke26824','29'),
		('Luke26824','26'),
		('Luke26824','23'),
		('Luke26824','16'),
		('Luke26824','18'),
		('Luke26824','2'),
		('Luke26824','9'),
		('Luke26824','1'),
		('Maryann13044','5'),
		('Maryann13044','14'),
		('Maryann13044','25'),
		('Maryann13044','19'),
		('Maryann13044','29'),
		('Maryann13044','4'),
		('Maryann13044','30'),
		('Maryann13044','8'),
		('Maryann13044','2'),
		('Maryann13044','18'),
		('Maryann13044','10'),
		('Maryann13044','12'),
		('Maryann13044','23'),
		('Maryann13044','17'),
		('Maryann13044','6'),
		('Maryann13044','13'),
		('Maryann13044','3'),
		('Maryann13044','11'),
		('Maryann13044','1'),
		('Maryann13044','21'),
		('Mi75959','25'),
		('Mi75959','4'),
		('Mi75959','7'),
		('Mi75959','17'),
		('Mi75959','24'),
		('Mi75959','3'),
		('Mi75959','20'),
		('Mi75959','15'),
		('Mi75959','26'),
		('Mi75959','12'),
		('Mi75959','27'),
		('Mi75959','16'),
		('Mi75959','10'),
		('Mi75959','18'),
		('Mi75959','2'),
		('Mi75959','21'),
		('Mi75959','13'),
		('Mi75959','5'),
		('Mi75959','23'),
		('Mi75959','8'),
		('Michael63617','12'),
		('Michael63617','19'),
		('Michael63617','29'),
		('Michael63617','10'),
		('Michael63617','27'),
		('Michael63617','20'),
		('Michael63617','5'),
		('Michael63617','23'),
		('Michael63617','15'),
		('Michael63617','9'),
		('Michael63617','22'),
		('Michael63617','25'),
		('Michael63617','30'),
		('Michael63617','17'),
		('Michael63617','24'),
		('Michael63617','8'),
		('Michael63617','6'),
		('Michael63617','3'),
		('Michael63617','1'),
		('Michael63617','14'),
		('Michelle48224','11'),
		('Michelle48224','4'),
		('Michelle48224','9'),
		('Michelle48224','18'),
		('Michelle48224','8'),
		('Michelle48224','2'),
		('Michelle48224','17'),
		('Michelle48224','1'),
		('Michelle48224','20'),
		('Michelle48224','16'),
		('Michelle48224','19'),
		('Michelle48224','10'),
		('Michelle48224','12'),
		('Michelle48224','21'),
		('Michelle48224','14'),
		('Michelle48224','7'),
		('Michelle48224','6'),
		('Michelle48224','30'),
		('Michelle48224','25'),
		('Michelle48224','23'),
		('Rita12224','2'),
		('Rita12224','8'),
		('Rita12224','27'),
		('Rita12224','9'),
		('Rita12224','10'),
		('Rita12224','7'),
		('Rita12224','26'),
		('Rita12224','11'),
		('Rita12224','15'),
		('Rita12224','20'),
		('Rita12224','19'),
		('Rita12224','17'),
		('Rita12224','3'),
		('Rita12224','12'),
		('Rita12224','18'),
		('Rita12224','16'),
		('Rita12224','29'),
		('Rita12224','23'),
		('Rita12224','13'),
		('Rita12224','30'),
		('Sharon52603','28'),
		('Sharon52603','26'),
		('Sharon52603','22'),
		('Sharon52603','1'),
		('Sharon52603','16'),
		('Sharon52603','20'),
		('Sharon52603','8'),
		('Sharon52603','4'),
		('Sharon52603','7'),
		('Sharon52603','24'),
		('Sharon52603','15'),
		('Sharon52603','23'),
		('Sharon52603','11'),
		('Sharon52603','3'),
		('Sharon52603','13'),
		('Sharon52603','25'),
		('Sharon52603','21'),
		('Sharon52603','5'),
		('Sharon52603','27'),
		('Sharon52603','14'),
		('Vera37103','28'),
		('Vera37103','11'),
		('Vera37103','19'),
		('Vera37103','22'),
		('Vera37103','27'),
		('Vera37103','5'),
		('Vera37103','6'),
		('Vera37103','4'),
		('Vera37103','30'),
		('Vera37103','29'),
		('Vera37103','13'),
		('Vera37103','25'),
		('Vera37103','24'),
		('Vera37103','7'),
		('Vera37103','20'),
		('Vera37103','12'),
		('Vera37103','15'),
		('Vera37103','2'),
		('Vera37103','1'),
		('Vera37103','10')

INSERT	INTO Course(course_id, title, [URL], semester, p_username, school_id)
		VALUES
		('1101','Data Base',Null,'4012','Helen69295','1001'),
		('1102','Data Base',Null,'4012','Joseph33725','1001'),
		('1121','Computer Architecture',Null,'4012','Dorothy67428','1001'),
		('1301','Theory Of Languages And Automata',Null,'4012','Helen69295','1001'),
		('5101','Dynamics',Null,'4012','Allison11136','1005'),
		('5341','Statics',Null,'4012','Greg97262','1005')

INSERT	INTO Course_Time(ts_id, course_id)
		VALUES
		('2','1101'),
		('14','1101'),
		('2','1102'),
		('14','1102'),
		('9','1121'),
		('21','1121'),
		('3','1301'),
		('15','1301'),
		('3','5101'),
		('15','5101'),
		('2','5341'),
		('14','5341')

INSERT	INTO Enrollment(s_username, course_id)
		VALUES
		('Aaron75910','1101'),
		('Antonio23730','1101'),
		('Arleen59077','1101'),
		('Beryl21061','1101'),
		('Cherlyn27468','1101'),
		('Christopher11139','1101'),
		('Christopher95268','1101'),
		('Clement41694','1101'),
		('Dan84001','1101'),
		('David11081','1101'),
		('David63435','1101'),
		('David99078','1101'),
		('Derrick58088','1101'),
		('Dirk88134','1101'),
		('Douglas86348','1101'),
		('Elizabeth26189','1101'),
		('Gerald84309','1101'),
		('Gregory90000','1101'),
		('Harry23969','1101'),
		('Irene26428','1101'),
		('James30501','1101'),
		('James78728','1101'),
		('Janelle72419','1101'),
		('Jared82174','1101'),
		('Jason55049','1101'),
		('Jc44560','1101'),
		('Jean27371','1101'),
		('Jeni64867','1101'),
		('Jennifer16942','1101'),
		('Jessica48825','1101'),
		('Joanne71858','1102'),
		('Joe54440','1102'),
		('John22280','1102'),
		('Justin96208','1102'),
		('Kevin29343','1102'),
		('Kim33659','1102'),
		('Kimberly87340','1102'),
		('Luis35386','1102'),
		('Margaret16790','1102'),
		('Margaret99470','1102'),
		('Marinda23797','1102'),
		('Maxine66514','1102'),
		('Michael55981','1102'),
		('Michelle16364','1102'),
		('Mila88662','1102'),
		('Nellie64317','1102'),
		('Nicole99475','1102'),
		('Ollie11680','1102'),
		('Richard51453','1102'),
		('Richard54101','1102'),
		('Riley11575','1102'),
		('Robert10423','1102'),
		('Robert16098','1102'),
		('Robert41668','1102'),
		('Robert77415','1102'),
		('Rodney68801','1102'),
		('Ronald96540','1102'),
		('Scott83145','1102'),
		('Stephanie31273','1102'),
		('Suzanne63314','1102'),
		('Aaron75910','1121'),
		('Antonio23730','1121'),
		('Arleen59077','1121'),
		('Beryl21061','1121'),
		('Cherlyn27468','1121'),
		('Christopher11139','1121'),
		('Christopher95268','1121'),
		('Clement41694','1121'),
		('Dan84001','1121'),
		('David11081','1121'),
		('David63435','1121'),
		('David99078','1121'),
		('Derrick58088','1121'),
		('Dirk88134','1121'),
		('Douglas86348','1121'),
		('Elizabeth26189','1121'),
		('Gerald84309','1121'),
		('Gregory90000','1121'),
		('Harry23969','1121'),
		('Irene26428','1121'),
		('James30501','1121'),
		('James78728','1121'),
		('Janelle72419','1121'),
		('Jared82174','1121'),
		('Jason55049','1121'),
		('Jc44560','1121'),
		('Jean27371','1121'),
		('Jeni64867','1121'),
		('Jennifer16942','1121'),
		('Jessica48825','1121'),
		('Aaron75910','1301'),
		('Antonio23730','1301'),
		('Arleen59077','1301'),
		('Beryl21061','1301'),
		('Cherlyn27468','1301'),
		('Christopher11139','1301'),
		('Christopher95268','1301'),
		('Clement41694','1301'),
		('Dan84001','1301'),
		('David11081','1301'),
		('David63435','1301'),
		('David99078','1301'),
		('Derrick58088','1301'),
		('Dirk88134','1301'),
		('Douglas86348','1301'),
		('Elizabeth26189','1301'),
		('Gerald84309','1301'),
		('Gregory90000','1301'),
		('Harry23969','1301'),
		('Irene26428','1301'),
		('James30501','1301'),
		('James78728','1301'),
		('Janelle72419','1301'),
		('Jared82174','1301'),
		('Jason55049','1301'),
		('Jc44560','1301'),
		('Jean27371','1301'),
		('Jeni64867','1301'),
		('Jennifer16942','1301'),
		('Jessica48825','1301'),
		('Phyllis58369','5101'),
		('Gary13530','5101'),
		('Michael57137','5101'),
		('Cecile54664','5101'),
		('Eugene89581','5101'),
		('Kelly90808','5101'),
		('Denise48252','5101'),
		('Slyvia72103','5101'),
		('Christopher94468','5101'),
		('Sidney28806','5101'),
		('Arlene91459','5101'),
		('Rebecca28083','5101'),
		('Mae43247','5101'),
		('Gregory23028','5101'),
		('Carolyn54983','5101'),
		('Leona68962','5101'),
		('Helen20657','5101'),
		('Eddie70738','5101'),
		('Heather25486','5101'),
		('Eloisa86338','5101'),
		('Edith25146','5101'),
		('Randall11796','5101'),
		('Garrett30345','5101'),
		('George35201','5101'),
		('Fay95928','5101'),
		('Patricia19484','5101'),
		('Dewey35408','5101'),
		('Olga98530','5101'),
		('Elsie64809','5101'),
		('Mary23651','5101'),
		('Heather25486','5341'),
		('Michael16977','5341'),
		('Mary23651','5341'),
		('Rebecca28083','5341'),
		('Christopher94468','5341'),
		('Edith25146','5341'),
		('Slyvia72103','5341'),
		('Carolyn54983','5341'),
		('Leona68962','5341'),
		('Sidney28806','5341'),
		('Arlene91459','5341'),
		('Phyllis58369','5341'),
		('Dewey35408','5341'),
		('Gary13530','5341'),
		('Patricia19484','5341'),
		('Eloisa86338','5341'),
		('Gregory23028','5341'),
		('Michael57137','5341'),
		('Garrett30345','5341'),
		('Fay95928','5341'),
		('Olga98530','5341'),
		('Kelly90808','5341'),
		('Helen20657','5341'),
		('Eugene89581','5341'),
		('Elsie64809','5341'),
		('Carol69188','5341'),
		('Michael93202','5341'),
		('Randall11796','5341'),
		('Earnest79168','5341'),
		('Denise48252','5341')

INSERT	INTO Course_TA(s_username, course_id)
		VALUES
		('Eva75484','1101'),
		('Stefan29804','1101')

INSERT	INTO Resources(course_id, resource_id, title, [type], file_URL, [description])
		VALUES
		('1101', '0', 'Intro', 'PDF', 'https://lms.iust.ac.ir/pluginfile.php/806431/mod_folder/content/0/00_Intro%28HR_2020%29.pdf?forcedownload=1', 'pdf 0'),
		('1101', '1', 'DBMS', 'PDF', 'https://lms.iust.ac.ir/pluginfile.php/806431/mod_folder/content/0/01_chap_01_DBMS%28HR_2020%29.pdf?forcedownload=1', 'pdf 1'),
		('1101', '2', 'Data Model', 'PDF', 'https://lms.iust.ac.ir/pluginfile.php/806431/mod_folder/content/0/02_chap_02_DataModel%28HR_2020%29.pdf?forcedownload=1', 'pdf 2'),
		('1101', '3', 'ERD', 'PDF', 'https://lms.iust.ac.ir/pluginfile.php/806431/mod_folder/content/0/03_chap_07_ERD%28HR_2016%29.pdf?forcedownload=1', 'pdf 3'),
		('1101', '4', 'EER', 'PDF', 'https://lms.iust.ac.ir/pluginfile.php/806431/mod_folder/content/0/04_chap_08_EER%28HR_2016%29.pdf?forcedownload=1', 'pdf 4'),
		('1101', '5', 'Relational Model', 'PDF', 'https://lms.iust.ac.ir/pluginfile.php/806431/mod_folder/content/0/05_chap_03_RelModel%28HR_2016%29.pdf?forcedownload=1', 'pdf 5'),
		('1101', '6', 'ER to Relational Model', 'PDF', 'https://lms.iust.ac.ir/pluginfile.php/806431/mod_folder/content/0/06_chap_09_ER_to_RelModel.pdf?forcedownload=1', 'pdf 6'),
		('1101', '7', 'SQL Basics', 'PDF', 'https://lms.iust.ac.ir/pluginfile.php/806431/mod_folder/content/0/07_chap_04_SQL_Basics%28HR_2016%29.pdf?forcedownload=1', 'pdf 7'),
		('1101', '8', 'SQL Advanced', 'PDF', 'https://lms.iust.ac.ir/pluginfile.php/806431/mod_folder/content/0/08_chap_05_SQL_Advanced%28HR_2016%29.pdf?forcedownload=1', 'pdf 8'),
		('1101', '9', 'Relational Algebra', 'PDF', 'https://lms.iust.ac.ir/pluginfile.php/806431/mod_folder/content/0/09_chap_06_RelAlgebra%28HR_2016%29.pdf?forcedownload=1', 'pdf 9'),
		('1101', '10', 'Normalization Basics', 'PDF', 'https://lms.iust.ac.ir/pluginfile.php/806431/mod_folder/content/0/10_chap_15_Normalization_Basic_FD%28HR_2016%29.pdf?forcedownload=1', 'pdf 10'),
		('1101', '11', 'Normalization', 'PDF', 'https://lms.iust.ac.ir/pluginfile.php/806431/mod_folder/content/0/11_chap_15_Normalization%28HR_2016%29.pdf?forcedownload=1', 'pdf 11'),
		('1101', '12', 'OLAP', 'PDF', 'https://lms.iust.ac.ir/pluginfile.php/806431/mod_folder/content/0/12_AdvancedTopics_OLAP%28HR_2020%29.pdf?forcedownload=1', 'pdf 12'),
		('1101', '13', 'Information Retrival', 'PDF', 'https://lms.iust.ac.ir/pluginfile.php/806431/mod_folder/content/0/13_AdvancedTopics_Information%20retrieval%20%28HR_2020%29.pdf?forcedownload=1', 'pdf 13'),
		('1101', '14', 'XML', 'PDF', 'https://lms.iust.ac.ir/pluginfile.php/806431/mod_folder/content/0/14_AdvancedTopics_XML.pdf?forcedownload=1', 'pdf 14')

INSERT	INTO Activity(course_id, activity_id, title, start_time, deadline, [weight], [type])
		VALUES
		('1101', '0', 'Attendance', '2023-01-02 09:00', '2023-01-02 10:30', 1, 'A'),
		('1101', '1', 'Attendance', '2023-01-04 09:00', '2023-01-04 10:30', 1, 'A'),
		('1101', '2', 'Attendance', '2023-01-09 09:00', '2023-01-09 10:30', 1, 'A'),
		('1101', '3', 'Attendance', '2023-01-11 09:00', '2023-01-11 10:30', 1, 'A'),
		('1101', '4', 'Attendance', '2023-01-16 09:00', '2023-01-16 10:30', 1, 'A'),
		('1101', '5', 'Attendance', '2023-01-18 09:00', '2023-01-18 10:30', 1, 'A'),
		('1101', '6', 'Attendance', '2023-01-30 09:00', '2023-01-30 10:30', 1, 'A'),
		('1101', '7', 'Attendance', '2023-02-01 09:00', '2023-02-01 10:30', 1, 'A'),
		('1101', '8', 'Attendance', '2023-02-06 09:00', '2023-02-06 10:30', 1, 'A'),
		('1101', '9', 'Attendance', '2023-02-08 09:00', '2023-02-08 10:30', 1, 'A'),
		('1101', '10', 'Attendance', '2023-02-13 09:00', '2023-02-13 10:30', 1, 'A'),
		('1101', '11', 'Attendance', '2023-02-15 09:00', '2023-02-15 10:30', 1, 'A'),
		('1101', '12', 'Attendance', '2023-02-20 09:00', '2023-02-20 10:30', 1, 'A'),
		('1101', '13', 'Attendance', '2023-02-23 09:00', '2023-02-23 10:30', 1, 'A'),
		('1101', '14', 'Attendance', '2023-02-27 09:00', '2023-02-27 10:30', 1, 'A'),
		('1101', '15', 'Attendance', '2023-03-01 09:00', '2023-03-01 10:30', 1, 'A'),
		('1101', '16', 'Attendance', '2023-03-06 09:00', '2023-03-06 10:30', 1, 'A'),
		('1101', '17', 'HomeWork1', '2023-03-06 09:00', '2023-03-13 10:30', 40, 'H'),
		('1101', '18', 'HomeWork2', '2023-03-13 09:00', '2023-03-20 10:30', 20, 'H')

INSERT	INTO Hand_In_Homework(s_username, activity_id, course_id, [time], score)
		VALUES
		('Jennifer16942','0','1101','2023-01-02 09:06:00.000','100'),
		('Dan84001','0','1101','2023-01-02 09:04:00.000','100'),
		('Antonio23730','0','1101','2023-01-02 09:16:00.000','100'),
		('James78728','0','1101','2023-01-02 09:04:00.000','100'),
		('Gregory90000','0','1101','2023-01-02 09:07:00.000','100'),
		('Stefan29804','0','1101','2023-01-02 09:10:00.000','100'),
		('Cherlyn27468','0','1101','2023-01-02 09:15:00.000','100'),
		('David99078','0','1101','2023-01-02 09:11:00.000','100'),
		('Jean27371','0','1101','2023-01-02 09:12:00.000','100'),
		('Jc44560','0','1101','2023-01-02 09:15:00.000','100'),
		('Harry23969','0','1101','2023-01-02 09:10:00.000','100'),
		('David11081','0','1101','2023-01-02 09:07:00.000','100'),
		('Beryl21061','0','1101','2023-01-02 09:16:00.000','100'),
		('Christopher11139','0','1101','2023-01-02 09:19:00.000','100'),
		('Gerald84309','0','1101','2023-01-02 09:00:00.000','100'),
		('Jason55049','0','1101','2023-01-02 09:06:00.000','100'),
		('Derrick58088','0','1101','2023-01-02 09:14:00.000','100'),
		('Douglas86348','0','1101','2023-01-02 09:08:00.000','100'),
		('Clement41694','0','1101','2023-01-02 09:02:00.000','100'),
		('Jeni64867','0','1101','2023-01-02 09:19:00.000','100'),
		('Arleen59077','0','1101','2023-01-02 09:13:00.000','100'),
		('Aaron75910','0','1101','2023-01-02 09:08:00.000','100'),
		('Jared82174','0','1101','2023-01-02 09:03:00.000','100'),
		('Dirk88134','0','1101','2023-01-02 09:00:00.000','100'),
		('David63435','0','1101','2023-01-02 09:11:00.000','100'),
		('Elizabeth26189','0','1101','2023-01-02 09:11:00.000','100'),
		('Christopher95268','0','1101','2023-01-02 09:03:00.000','100'),
		('Douglas86348','1','1101','2023-01-04 09:19:00.000','100'),
		('Dan84001','1','1101','2023-01-04 09:12:00.000','100'),
		('Jessica48825','1','1101','2023-01-04 09:10:00.000','100'),
		('Christopher95268','1','1101','2023-01-04 09:08:00.000','100'),
		('David99078','1','1101','2023-01-04 09:09:00.000','100'),
		('Jason55049','1','1101','2023-01-04 09:15:00.000','100'),
		('Gerald84309','1','1101','2023-01-04 09:03:00.000','100'),
		('Dirk88134','1','1101','2023-01-04 09:10:00.000','100'),
		('Antonio23730','1','1101','2023-01-04 09:03:00.000','100'),
		('James30501','1','1101','2023-01-04 09:11:00.000','100'),
		('James78728','1','1101','2023-01-04 09:17:00.000','100'),
		('David11081','1','1101','2023-01-04 09:10:00.000','100'),
		('Irene26428','1','1101','2023-01-04 09:12:00.000','100'),
		('Harry23969','1','1101','2023-01-04 09:01:00.000','100'),
		('Stefan29804','1','1101','2023-01-04 09:03:00.000','100'),
		('Derrick58088','1','1101','2023-01-04 09:11:00.000','100'),
		('Clement41694','1','1101','2023-01-04 09:19:00.000','100'),
		('Arleen59077','1','1101','2023-01-04 09:08:00.000','100'),
		('Christopher11139','1','1101','2023-01-04 09:11:00.000','100'),
		('Elizabeth26189','1','1101','2023-01-04 09:09:00.000','100'),
		('Jean27371','1','1101','2023-01-04 09:02:00.000','100'),
		('Jeni64867','1','1101','2023-01-04 09:02:00.000','100'),
		('Beryl21061','1','1101','2023-01-04 09:14:00.000','100'),
		('Jc44560','1','1101','2023-01-04 09:19:00.000','100'),
		('Aaron75910','1','1101','2023-01-04 09:04:00.000','100'),
		('Cherlyn27468','1','1101','2023-01-04 09:13:00.000','100'),
		('Jennifer16942','1','1101','2023-01-04 09:13:00.000','100'),
		('Gregory90000','1','1101','2023-01-04 09:13:00.000','100'),
		('Jared82174','1','1101','2023-01-04 09:06:00.000','100'),
		('James78728','2','1101','2023-02-13 09:08:00.000','100'),
		('Jean27371','2','1101','2023-02-13 09:10:00.000','100'),
		('Jason55049','2','1101','2023-02-13 09:14:00.000','100'),
		('Christopher11139','2','1101','2023-02-13 09:04:00.000','100'),
		('Dan84001','2','1101','2023-02-13 09:19:00.000','100'),
		('Dirk88134','2','1101','2023-02-13 09:17:00.000','100'),
		('David63435','2','1101','2023-02-13 09:14:00.000','100'),
		('Irene26428','2','1101','2023-02-13 09:15:00.000','100'),
		('David99078','2','1101','2023-02-13 09:01:00.000','100'),
		('Christopher95268','2','1101','2023-02-13 09:16:00.000','100'),
		('Jc44560','2','1101','2023-02-13 09:19:00.000','100'),
		('Derrick58088','2','1101','2023-02-13 09:05:00.000','100'),
		('Beryl21061','2','1101','2023-02-13 09:03:00.000','100'),
		('Jared82174','2','1101','2023-02-13 09:02:00.000','100'),
		('Douglas86348','2','1101','2023-02-13 09:15:00.000','100'),
		('Gerald84309','2','1101','2023-02-13 09:13:00.000','100'),
		('Antonio23730','2','1101','2023-02-13 09:14:00.000','100'),
		('Harry23969','2','1101','2023-02-13 09:08:00.000','100'),
		('Aaron75910','2','1101','2023-02-13 09:14:00.000','100'),
		('James30501','2','1101','2023-02-13 09:12:00.000','100'),
		('Jessica48825','2','1101','2023-02-13 09:02:00.000','100'),
		('Stefan29804','2','1101','2023-02-13 09:02:00.000','100'),
		('David11081','3','1101','2023-02-15 09:11:00.000','100'),
		('Jason55049','3','1101','2023-02-15 09:06:00.000','100'),
		('Jennifer16942','3','1101','2023-02-15 09:08:00.000','100'),
		('Stefan29804','3','1101','2023-02-15 09:04:00.000','100'),
		('Jessica48825','3','1101','2023-02-15 09:05:00.000','100'),
		('Dirk88134','3','1101','2023-02-15 09:11:00.000','100'),
		('Dan84001','3','1101','2023-02-15 09:09:00.000','100'),
		('James78728','3','1101','2023-02-15 09:14:00.000','100'),
		('Christopher11139','3','1101','2023-02-15 09:05:00.000','100'),
		('Derrick58088','3','1101','2023-02-15 09:12:00.000','100'),
		('Cherlyn27468','3','1101','2023-02-15 09:09:00.000','100'),
		('David99078','3','1101','2023-02-15 09:19:00.000','100'),
		('Irene26428','3','1101','2023-02-15 09:10:00.000','100'),
		('Arleen59077','3','1101','2023-02-15 09:18:00.000','100'),
		('Gerald84309','3','1101','2023-02-15 09:04:00.000','100'),
		('Jeni64867','3','1101','2023-02-15 09:02:00.000','100'),
		('Jean27371','3','1101','2023-02-15 09:00:00.000','100'),
		('Douglas86348','3','1101','2023-02-15 09:02:00.000','100'),
		('Jc44560','3','1101','2023-02-15 09:06:00.000','100'),
		('Harry23969','3','1101','2023-02-15 09:08:00.000','100'),
		('Clement41694','3','1101','2023-02-15 09:14:00.000','100'),
		('Elizabeth26189','3','1101','2023-02-15 09:06:00.000','100'),
		('Christopher95268','3','1101','2023-02-15 09:00:00.000','100'),
		('Beryl21061','3','1101','2023-02-15 09:08:00.000','100'),
		('Gregory90000','3','1101','2023-02-15 09:17:00.000','100'),
		('James30501','4','1101','2023-02-20 09:12:00.000','100'),
		('James78728','4','1101','2023-02-20 09:08:00.000','100'),
		('David11081','4','1101','2023-02-20 09:10:00.000','100'),
		('Jean27371','4','1101','2023-02-20 09:04:00.000','100'),
		('Stefan29804','4','1101','2023-02-20 09:15:00.000','100'),
		('Aaron75910','4','1101','2023-02-20 09:16:00.000','100'),
		('Jennifer16942','4','1101','2023-02-20 09:05:00.000','100'),
		('Jared82174','4','1101','2023-02-20 09:04:00.000','100'),
		('Antonio23730','4','1101','2023-02-20 09:06:00.000','100'),
		('Cherlyn27468','4','1101','2023-02-20 09:14:00.000','100'),
		('Dirk88134','4','1101','2023-02-20 09:00:00.000','100'),
		('David63435','4','1101','2023-02-20 09:12:00.000','100'),
		('Jc44560','4','1101','2023-02-20 09:00:00.000','100'),
		('Irene26428','4','1101','2023-02-20 09:04:00.000','100'),
		('Beryl21061','4','1101','2023-02-20 09:07:00.000','100'),
		('Derrick58088','4','1101','2023-02-20 09:08:00.000','100'),
		('Jason55049','4','1101','2023-02-20 09:07:00.000','100'),
		('Arleen59077','4','1101','2023-02-20 09:14:00.000','100'),
		('Gregory90000','4','1101','2023-02-20 09:04:00.000','100'),
		('Clement41694','4','1101','2023-02-20 09:17:00.000','100'),
		('Christopher95268','4','1101','2023-02-20 09:12:00.000','100'),
		('Jessica48825','4','1101','2023-02-20 09:05:00.000','100'),
		('Christopher11139','4','1101','2023-02-20 09:15:00.000','100'),
		('David99078','4','1101','2023-02-20 09:17:00.000','100'),
		('Gerald84309','4','1101','2023-02-20 09:04:00.000','100'),
		('Harry23969','4','1101','2023-02-20 09:02:00.000','100'),
		('Beryl21061','5','1101','2023-02-23 09:06:00.000','100'),
		('David11081','5','1101','2023-02-23 09:08:00.000','100'),
		('Jennifer16942','5','1101','2023-02-23 09:00:00.000','100'),
		('Harry23969','5','1101','2023-02-23 09:01:00.000','100'),
		('Arleen59077','5','1101','2023-02-23 09:04:00.000','100'),
		('Christopher11139','5','1101','2023-02-23 09:07:00.000','100'),
		('Jason55049','5','1101','2023-02-23 09:18:00.000','100'),
		('James30501','5','1101','2023-02-23 09:18:00.000','100'),
		('Stefan29804','5','1101','2023-02-23 09:16:00.000','100'),
		('Dirk88134','5','1101','2023-02-23 09:06:00.000','100'),
		('James78728','5','1101','2023-02-23 09:14:00.000','100'),
		('Gregory90000','5','1101','2023-02-23 09:01:00.000','100'),
		('Clement41694','5','1101','2023-02-23 09:10:00.000','100'),
		('Dan84001','5','1101','2023-02-23 09:08:00.000','100'),
		('Gerald84309','5','1101','2023-02-23 09:17:00.000','100'),
		('Elizabeth26189','5','1101','2023-02-23 09:16:00.000','100'),
		('Cherlyn27468','5','1101','2023-02-23 09:11:00.000','100'),
		('Jessica48825','5','1101','2023-02-23 09:13:00.000','100'),
		('Douglas86348','5','1101','2023-02-23 09:09:00.000','100'),
		('Janelle72419','5','1101','2023-02-23 09:05:00.000','100'),
		('Christopher95268','5','1101','2023-02-23 09:00:00.000','100'),
		('Jc44560','5','1101','2023-02-23 09:04:00.000','100'),
		('Irene26428','5','1101','2023-02-23 09:04:00.000','100'),
		('Arleen59077','6','1101','2023-02-27 09:13:00.000','100'),
		('Dan84001','6','1101','2023-02-27 09:08:00.000','100'),
		('Jean27371','6','1101','2023-02-27 09:12:00.000','100'),
		('Jason55049','6','1101','2023-02-27 09:18:00.000','100'),
		('Jessica48825','6','1101','2023-02-27 09:08:00.000','100'),
		('Christopher95268','6','1101','2023-02-27 09:00:00.000','100'),
		('Janelle72419','6','1101','2023-02-27 09:19:00.000','100'),
		('David63435','6','1101','2023-02-27 09:04:00.000','100'),
		('Aaron75910','6','1101','2023-02-27 09:02:00.000','100'),
		('Elizabeth26189','6','1101','2023-02-27 09:13:00.000','100'),
		('Harry23969','6','1101','2023-02-27 09:00:00.000','100'),
		('Derrick58088','6','1101','2023-02-27 09:08:00.000','100'),
		('Irene26428','6','1101','2023-02-27 09:15:00.000','100'),
		('David11081','6','1101','2023-02-27 09:03:00.000','100'),
		('Douglas86348','6','1101','2023-02-27 09:18:00.000','100'),
		('Antonio23730','6','1101','2023-02-27 09:12:00.000','100'),
		('Jc44560','6','1101','2023-02-27 09:07:00.000','100'),
		('David99078','6','1101','2023-02-27 09:07:00.000','100'),
		('Clement41694','6','1101','2023-02-27 09:09:00.000','100'),
		('James78728','6','1101','2023-02-27 09:03:00.000','100'),
		('Dirk88134','6','1101','2023-02-27 09:18:00.000','100'),
		('Jeni64867','6','1101','2023-02-27 09:08:00.000','100'),
		('Jennifer16942','6','1101','2023-02-27 09:08:00.000','100'),
		('Stefan29804','6','1101','2023-02-27 09:06:00.000','100'),
		('Christopher11139','6','1101','2023-02-27 09:07:00.000','100'),
		('Cherlyn27468','6','1101','2023-02-27 09:03:00.000','100'),
		('Gregory90000','6','1101','2023-02-27 09:01:00.000','100'),
		('David63435','7','1101','2023-03-01 09:01:00.000','100'),
		('Beryl21061','7','1101','2023-03-01 09:17:00.000','100'),
		('David11081','7','1101','2023-03-01 09:01:00.000','100'),
		('Jared82174','7','1101','2023-03-01 09:14:00.000','100'),
		('Antonio23730','7','1101','2023-03-01 09:06:00.000','100'),
		('Christopher11139','7','1101','2023-03-01 09:11:00.000','100'),
		('Jeni64867','7','1101','2023-03-01 09:18:00.000','100'),
		('Arleen59077','7','1101','2023-03-01 09:04:00.000','100'),
		('Stefan29804','7','1101','2023-03-01 09:08:00.000','100'),
		('Douglas86348','7','1101','2023-03-01 09:16:00.000','100'),
		('Dan84001','7','1101','2023-03-01 09:13:00.000','100'),
		('Dirk88134','7','1101','2023-03-01 09:15:00.000','100'),
		('James78728','7','1101','2023-03-01 09:08:00.000','100'),
		('Jc44560','7','1101','2023-03-01 09:06:00.000','100'),
		('Gerald84309','7','1101','2023-03-01 09:05:00.000','100'),
		('Jean27371','7','1101','2023-03-01 09:05:00.000','100'),
		('Jennifer16942','7','1101','2023-03-01 09:01:00.000','100'),
		('Cherlyn27468','7','1101','2023-03-01 09:15:00.000','100'),
		('Jessica48825','7','1101','2023-03-01 09:19:00.000','100'),
		('Gregory90000','7','1101','2023-03-01 09:02:00.000','100'),
		('David99078','7','1101','2023-03-01 09:02:00.000','100'),
		('Janelle72419','7','1101','2023-03-01 09:18:00.000','100'),
		('Harry23969','7','1101','2023-03-01 09:06:00.000','100'),
		('Jason55049','7','1101','2023-03-01 09:00:00.000','100'),
		('Clement41694','7','1101','2023-03-01 09:13:00.000','100'),
		('Elizabeth26189','7','1101','2023-03-01 09:12:00.000','100'),
		('Irene26428','7','1101','2023-03-01 09:11:00.000','100'),
		('Christopher95268','7','1101','2023-03-01 09:08:00.000','100'),
		('Beryl21061','8','1101','2023-03-06 09:11:00.000','100'),
		('Cherlyn27468','8','1101','2023-03-06 09:04:00.000','100'),
		('David99078','8','1101','2023-03-06 09:00:00.000','100'),
		('James30501','8','1101','2023-03-06 09:14:00.000','100'),
		('Jeni64867','8','1101','2023-03-06 09:07:00.000','100'),
		('Christopher11139','8','1101','2023-03-06 09:00:00.000','100'),
		('Derrick58088','8','1101','2023-03-06 09:00:00.000','100'),
		('David11081','8','1101','2023-03-06 09:11:00.000','100'),
		('Douglas86348','8','1101','2023-03-06 09:16:00.000','100'),
		('Jessica48825','8','1101','2023-03-06 09:01:00.000','100'),
		('Irene26428','8','1101','2023-03-06 09:04:00.000','100'),
		('Gregory90000','8','1101','2023-03-06 09:05:00.000','100'),
		('Janelle72419','8','1101','2023-03-06 09:17:00.000','100'),
		('Clement41694','8','1101','2023-03-06 09:15:00.000','100'),
		('Jc44560','8','1101','2023-03-06 09:04:00.000','100'),
		('Jason55049','8','1101','2023-03-06 09:03:00.000','100'),
		('Stefan29804','8','1101','2023-03-06 09:08:00.000','100'),
		('Dan84001','8','1101','2023-03-06 09:01:00.000','100'),
		('Jennifer16942','8','1101','2023-03-06 09:18:00.000','100'),
		('Aaron75910','8','1101','2023-03-06 09:18:00.000','100'),
		('Jean27371','8','1101','2023-03-06 09:07:00.000','100'),
		('Jared82174','8','1101','2023-03-06 09:03:00.000','100'),
		('James78728','8','1101','2023-03-06 09:11:00.000','100'),
		('David63435','8','1101','2023-03-06 09:01:00.000','100'),
		('Christopher95268','8','1101','2023-03-06 09:05:00.000','100'),
		('Harry23969','8','1101','2023-03-06 09:04:00.000','100'),
		('Elizabeth26189','8','1101','2023-03-06 09:18:00.000','100'),
		('Jason55049','9','1101','2023-01-09 09:01:00.000','100'),
		('Janelle72419','9','1101','2023-01-09 09:01:00.000','100'),
		('Antonio23730','9','1101','2023-01-09 09:13:00.000','100'),
		('Harry23969','9','1101','2023-01-09 09:09:00.000','100'),
		('David63435','9','1101','2023-01-09 09:06:00.000','100'),
		('Gerald84309','9','1101','2023-01-09 09:07:00.000','100'),
		('Arleen59077','9','1101','2023-01-09 09:08:00.000','100'),
		('Christopher11139','9','1101','2023-01-09 09:12:00.000','100'),
		('Jean27371','9','1101','2023-01-09 09:07:00.000','100'),
		('James30501','9','1101','2023-01-09 09:15:00.000','100'),
		('Cherlyn27468','9','1101','2023-01-09 09:07:00.000','100'),
		('Christopher95268','9','1101','2023-01-09 09:19:00.000','100'),
		('Jennifer16942','9','1101','2023-01-09 09:18:00.000','100'),
		('Jeni64867','9','1101','2023-01-09 09:05:00.000','100'),
		('Clement41694','9','1101','2023-01-09 09:07:00.000','100'),
		('Aaron75910','9','1101','2023-01-09 09:08:00.000','100'),
		('Elizabeth26189','9','1101','2023-01-09 09:05:00.000','100'),
		('David11081','9','1101','2023-01-09 09:03:00.000','100'),
		('Stefan29804','9','1101','2023-01-09 09:17:00.000','100'),
		('Dirk88134','9','1101','2023-01-09 09:15:00.000','100'),
		('David99078','9','1101','2023-01-09 09:00:00.000','100'),
		('Derrick58088','9','1101','2023-01-09 09:13:00.000','100'),
		('Dan84001','9','1101','2023-01-09 09:13:00.000','100'),
		('James78728','9','1101','2023-01-09 09:07:00.000','100'),
		('Jc44560','9','1101','2023-01-09 09:02:00.000','100'),
		('Douglas86348','9','1101','2023-01-09 09:12:00.000','100'),
		('Irene26428','9','1101','2023-01-09 09:16:00.000','100'),
		('Clement41694','10','1101','2023-01-11 09:00:00.000','100'),
		('Jennifer16942','10','1101','2023-01-11 09:01:00.000','100'),
		('Dirk88134','10','1101','2023-01-11 09:16:00.000','100'),
		('James30501','10','1101','2023-01-11 09:15:00.000','100'),
		('David63435','10','1101','2023-01-11 09:04:00.000','100'),
		('Harry23969','10','1101','2023-01-11 09:11:00.000','100'),
		('Irene26428','10','1101','2023-01-11 09:06:00.000','100'),
		('Derrick58088','10','1101','2023-01-11 09:16:00.000','100'),
		('Gregory90000','10','1101','2023-01-11 09:07:00.000','100'),
		('Jeni64867','10','1101','2023-01-11 09:02:00.000','100'),
		('Cherlyn27468','10','1101','2023-01-11 09:10:00.000','100'),
		('Arleen59077','10','1101','2023-01-11 09:09:00.000','100'),
		('David11081','10','1101','2023-01-11 09:14:00.000','100'),
		('Aaron75910','10','1101','2023-01-11 09:07:00.000','100'),
		('Jc44560','10','1101','2023-01-11 09:09:00.000','100'),
		('Christopher95268','10','1101','2023-01-11 09:11:00.000','100'),
		('David99078','10','1101','2023-01-11 09:18:00.000','100'),
		('Antonio23730','10','1101','2023-01-11 09:07:00.000','100'),
		('Jean27371','10','1101','2023-01-11 09:12:00.000','100'),
		('Dan84001','10','1101','2023-01-11 09:03:00.000','100'),
		('Stefan29804','10','1101','2023-01-11 09:03:00.000','100'),
		('Janelle72419','10','1101','2023-01-11 09:08:00.000','100'),
		('Jared82174','10','1101','2023-01-11 09:16:00.000','100'),
		('Jason55049','10','1101','2023-01-11 09:17:00.000','100'),
		('Beryl21061','10','1101','2023-01-11 09:18:00.000','100'),
		('Jessica48825','10','1101','2023-01-11 09:11:00.000','100'),
		('James78728','10','1101','2023-01-11 09:14:00.000','100'),
		('Gerald84309','10','1101','2023-01-11 09:14:00.000','100'),
		('Jason55049','11','1101','2023-01-16 09:10:00.000','100'),
		('James30501','11','1101','2023-01-16 09:19:00.000','100'),
		('Clement41694','11','1101','2023-01-16 09:06:00.000','100'),
		('Christopher11139','11','1101','2023-01-16 09:19:00.000','100'),
		('James78728','11','1101','2023-01-16 09:18:00.000','100'),
		('David63435','11','1101','2023-01-16 09:03:00.000','100'),
		('David99078','11','1101','2023-01-16 09:09:00.000','100'),
		('Christopher95268','11','1101','2023-01-16 09:04:00.000','100'),
		('David11081','11','1101','2023-01-16 09:06:00.000','100'),
		('Irene26428','11','1101','2023-01-16 09:05:00.000','100'),
		('Jared82174','11','1101','2023-01-16 09:04:00.000','100'),
		('Antonio23730','11','1101','2023-01-16 09:17:00.000','100'),
		('Gerald84309','11','1101','2023-01-16 09:00:00.000','100'),
		('Jennifer16942','11','1101','2023-01-16 09:08:00.000','100'),
		('Gregory90000','11','1101','2023-01-16 09:11:00.000','100'),
		('Jean27371','11','1101','2023-01-16 09:13:00.000','100'),
		('Cherlyn27468','11','1101','2023-01-16 09:15:00.000','100'),
		('Dan84001','11','1101','2023-01-16 09:15:00.000','100'),
		('Derrick58088','11','1101','2023-01-16 09:14:00.000','100'),
		('Dirk88134','11','1101','2023-01-16 09:01:00.000','100'),
		('Jeni64867','11','1101','2023-01-16 09:03:00.000','100'),
		('Stefan29804','11','1101','2023-01-16 09:00:00.000','100'),
		('Jessica48825','11','1101','2023-01-16 09:11:00.000','100'),
		('Beryl21061','11','1101','2023-01-16 09:18:00.000','100'),
		('Jc44560','11','1101','2023-01-16 09:12:00.000','100'),
		('Elizabeth26189','11','1101','2023-01-16 09:07:00.000','100'),
		('Jeni64867','12','1101','2023-01-18 09:02:00.000','100'),
		('Janelle72419','12','1101','2023-01-18 09:17:00.000','100'),
		('Dirk88134','12','1101','2023-01-18 09:05:00.000','100'),
		('Cherlyn27468','12','1101','2023-01-18 09:09:00.000','100'),
		('Stefan29804','12','1101','2023-01-18 09:02:00.000','100'),
		('Jennifer16942','12','1101','2023-01-18 09:16:00.000','100'),
		('Clement41694','12','1101','2023-01-18 09:07:00.000','100'),
		('David11081','12','1101','2023-01-18 09:03:00.000','100'),
		('James30501','12','1101','2023-01-18 09:17:00.000','100'),
		('Arleen59077','12','1101','2023-01-18 09:11:00.000','100'),
		('Gerald84309','12','1101','2023-01-18 09:11:00.000','100'),
		('Jason55049','12','1101','2023-01-18 09:09:00.000','100'),
		('Elizabeth26189','12','1101','2023-01-18 09:06:00.000','100'),
		('Aaron75910','12','1101','2023-01-18 09:12:00.000','100'),
		('Christopher11139','12','1101','2023-01-18 09:03:00.000','100'),
		('Christopher95268','12','1101','2023-01-18 09:03:00.000','100'),
		('Irene26428','12','1101','2023-01-18 09:02:00.000','100'),
		('James78728','12','1101','2023-01-18 09:13:00.000','100'),
		('Harry23969','12','1101','2023-01-18 09:07:00.000','100'),
		('Jared82174','12','1101','2023-01-18 09:07:00.000','100'),
		('Arleen59077','13','1101','2023-01-30 09:17:00.000','100'),
		('Clement41694','13','1101','2023-01-30 09:06:00.000','100'),
		('Gregory90000','13','1101','2023-01-30 09:15:00.000','100'),
		('Jc44560','13','1101','2023-01-30 09:06:00.000','100'),
		('Jean27371','13','1101','2023-01-30 09:02:00.000','100'),
		('Cherlyn27468','13','1101','2023-01-30 09:04:00.000','100'),
		('David63435','13','1101','2023-01-30 09:05:00.000','100'),
		('Aaron75910','13','1101','2023-01-30 09:05:00.000','100'),
		('Harry23969','13','1101','2023-01-30 09:17:00.000','100'),
		('David11081','13','1101','2023-01-30 09:00:00.000','100'),
		('Antonio23730','13','1101','2023-01-30 09:13:00.000','100'),
		('Christopher11139','13','1101','2023-01-30 09:16:00.000','100'),
		('Jennifer16942','13','1101','2023-01-30 09:02:00.000','100'),
		('Stefan29804','13','1101','2023-01-30 09:14:00.000','100'),
		('Gerald84309','13','1101','2023-01-30 09:10:00.000','100'),
		('Beryl21061','13','1101','2023-01-30 09:01:00.000','100'),
		('James30501','13','1101','2023-01-30 09:06:00.000','100'),
		('Jared82174','13','1101','2023-01-30 09:01:00.000','100'),
		('James78728','13','1101','2023-01-30 09:19:00.000','100'),
		('Janelle72419','13','1101','2023-01-30 09:09:00.000','100'),
		('Jeni64867','13','1101','2023-01-30 09:18:00.000','100'),
		('Jessica48825','13','1101','2023-01-30 09:17:00.000','100'),
		('Christopher95268','13','1101','2023-01-30 09:16:00.000','100'),
		('Douglas86348','13','1101','2023-01-30 09:13:00.000','100'),
		('Dirk88134','13','1101','2023-01-30 09:09:00.000','100'),
		('Irene26428','13','1101','2023-01-30 09:08:00.000','100'),
		('Derrick58088','13','1101','2023-01-30 09:17:00.000','100'),
		('Elizabeth26189','13','1101','2023-01-30 09:07:00.000','100'),
		('Derrick58088','14','1101','2023-02-01 09:01:00.000','100'),
		('Cherlyn27468','14','1101','2023-02-01 09:04:00.000','100'),
		('Jeni64867','14','1101','2023-02-01 09:17:00.000','100'),
		('Arleen59077','14','1101','2023-02-01 09:12:00.000','100'),
		('Jc44560','14','1101','2023-02-01 09:19:00.000','100'),
		('Beryl21061','14','1101','2023-02-01 09:13:00.000','100'),
		('Gregory90000','14','1101','2023-02-01 09:03:00.000','100'),
		('Jason55049','14','1101','2023-02-01 09:04:00.000','100'),
		('Elizabeth26189','14','1101','2023-02-01 09:11:00.000','100'),
		('Aaron75910','14','1101','2023-02-01 09:17:00.000','100'),
		('Antonio23730','14','1101','2023-02-01 09:04:00.000','100'),
		('Clement41694','14','1101','2023-02-01 09:11:00.000','100'),
		('James78728','14','1101','2023-02-01 09:04:00.000','100'),
		('Gerald84309','14','1101','2023-02-01 09:15:00.000','100'),
		('Harry23969','14','1101','2023-02-01 09:13:00.000','100'),
		('Irene26428','14','1101','2023-02-01 09:01:00.000','100'),
		('Jared82174','14','1101','2023-02-01 09:05:00.000','100'),
		('Dirk88134','14','1101','2023-02-01 09:10:00.000','100'),
		('Christopher95268','14','1101','2023-02-01 09:16:00.000','100'),
		('James30501','14','1101','2023-02-01 09:09:00.000','100'),
		('David11081','14','1101','2023-02-01 09:01:00.000','100'),
		('David63435','14','1101','2023-02-01 09:01:00.000','100'),
		('Douglas86348','14','1101','2023-02-01 09:02:00.000','100'),
		('Christopher95268','15','1101','2023-02-06 09:17:00.000','100'),
		('Jean27371','15','1101','2023-02-06 09:08:00.000','100'),
		('Gregory90000','15','1101','2023-02-06 09:06:00.000','100'),
		('Derrick58088','15','1101','2023-02-06 09:17:00.000','100'),
		('James78728','15','1101','2023-02-06 09:17:00.000','100'),
		('Dirk88134','15','1101','2023-02-06 09:02:00.000','100'),
		('Christopher11139','15','1101','2023-02-06 09:14:00.000','100'),
		('Arleen59077','15','1101','2023-02-06 09:00:00.000','100'),
		('Irene26428','15','1101','2023-02-06 09:09:00.000','100'),
		('Dan84001','15','1101','2023-02-06 09:11:00.000','100'),
		('Beryl21061','15','1101','2023-02-06 09:18:00.000','100'),
		('Cherlyn27468','15','1101','2023-02-06 09:00:00.000','100'),
		('Antonio23730','15','1101','2023-02-06 09:01:00.000','100'),
		('Clement41694','15','1101','2023-02-06 09:03:00.000','100'),
		('David11081','15','1101','2023-02-06 09:08:00.000','100'),
		('Douglas86348','15','1101','2023-02-06 09:08:00.000','100'),
		('David99078','15','1101','2023-02-06 09:16:00.000','100'),
		('Gerald84309','15','1101','2023-02-06 09:19:00.000','100'),
		('Jared82174','15','1101','2023-02-06 09:15:00.000','100'),
		('Jennifer16942','15','1101','2023-02-06 09:11:00.000','100'),
		('Jessica48825','15','1101','2023-02-06 09:17:00.000','100'),
		('James30501','15','1101','2023-02-06 09:05:00.000','100'),
		('David63435','15','1101','2023-02-06 09:14:00.000','100'),
		('Jeni64867','15','1101','2023-02-06 09:06:00.000','100'),
		('Harry23969','15','1101','2023-02-06 09:04:00.000','100'),
		('Jc44560','15','1101','2023-02-06 09:15:00.000','100'),
		('Janelle72419','15','1101','2023-02-06 09:16:00.000','100'),
		('Jason55049','15','1101','2023-02-06 09:03:00.000','100'),
		('Stefan29804','15','1101','2023-02-06 09:04:00.000','100'),
		('Derrick58088','16','1101','2023-02-08 09:07:00.000','100'),
		('Jc44560','16','1101','2023-02-08 09:16:00.000','100'),
		('Douglas86348','16','1101','2023-02-08 09:12:00.000','100'),
		('James78728','16','1101','2023-02-08 09:06:00.000','100'),
		('Gregory90000','16','1101','2023-02-08 09:19:00.000','100'),
		('Janelle72419','16','1101','2023-02-08 09:18:00.000','100'),
		('Arleen59077','16','1101','2023-02-08 09:17:00.000','100'),
		('Christopher95268','16','1101','2023-02-08 09:18:00.000','100'),
		('Dan84001','16','1101','2023-02-08 09:00:00.000','100'),
		('Elizabeth26189','16','1101','2023-02-08 09:18:00.000','100'),
		('James30501','16','1101','2023-02-08 09:02:00.000','100'),
		('Beryl21061','16','1101','2023-02-08 09:06:00.000','100'),
		('Antonio23730','16','1101','2023-02-08 09:10:00.000','100'),
		('Cherlyn27468','16','1101','2023-02-08 09:09:00.000','100'),
		('Jessica48825','16','1101','2023-02-08 09:09:00.000','100'),
		('Stefan29804','16','1101','2023-02-08 09:13:00.000','100'),
		('Jennifer16942','16','1101','2023-02-08 09:09:00.000','100'),
		('David11081','16','1101','2023-02-08 09:18:00.000','100'),
		('Jared82174','16','1101','2023-02-08 09:03:00.000','100'),
		('Aaron75910','16','1101','2023-02-08 09:07:00.000','100'),
		('Beryl21061','17','1101','2023-03-07 10:12:00.000','93'),
		('Gregory90000','17','1101','2023-03-07 17:57:00.000','72'),
		('Douglas86348','17','1101','2023-03-06 13:03:00.000','78'),
		('Jason55049','17','1101','2023-03-08 10:41:00.000','86'),
		('Jared82174','17','1101','2023-03-08 11:36:00.000','56'),
		('Irene26428','17','1101','2023-03-11 15:19:00.000','78'),
		('Jc44560','17','1101','2023-03-08 23:47:00.000','22'),
		('Jean27371','17','1101','2023-03-09 09:56:00.000','45'),
		('James30501','17','1101','2023-03-12 15:52:00.000','60'),
		('Cherlyn27468','17','1101','2023-03-07 12:30:00.000','82'),
		('Janelle72419','17','1101','2023-03-12 16:04:00.000','81'),
		('Christopher11139','17','1101','2023-03-09 14:56:00.000','58'),
		('Christopher95268','17','1101','2023-03-10 19:43:00.000','99'),
		('Jeni64867','17','1101','2023-03-06 11:02:00.000','36'),
		('Clement41694','17','1101','2023-03-08 19:24:00.000','94'),
		('Jennifer16942','17','1101','2023-03-07 19:01:00.000','89'),
		('David11081','17','1101','2023-03-07 17:13:00.000','54'),
		('Arleen59077','17','1101','2023-03-08 09:58:00.000','64'),
		('Gerald84309','17','1101','2023-03-10 19:00:00.000','41'),
		('James78728','17','1101','2023-03-06 11:39:00.000','42'),
		('Elizabeth26189','17','1101','2023-03-07 16:57:00.000','87'),
		('Stefan29804','17','1101','2023-03-07 10:28:00.000','65'),
		('Christopher11139','18','1101','2023-03-14 20:01:00.000','26'),
		('Antonio23730','18','1101','2023-03-15 17:42:00.000','57'),
		('Derrick58088','18','1101','2023-03-16 13:02:00.000','28'),
		('Dirk88134','18','1101','2023-03-14 16:59:00.000','58'),
		('Jeni64867','18','1101','2023-03-17 20:51:00.000','53'),
		('David99078','18','1101','2023-03-19 15:42:00.000','42'),
		('Irene26428','18','1101','2023-03-19 12:31:00.000','69'),
		('Arleen59077','18','1101','2023-03-14 16:57:00.000','65'),
		('Jared82174','18','1101','2023-03-15 11:44:00.000','70'),
		('Jc44560','18','1101','2023-03-18 10:58:00.000','69'),
		('Christopher95268','18','1101','2023-03-17 21:03:00.000','26'),
		('Clement41694','18','1101','2023-03-13 10:27:00.000','92'),
		('Dan84001','18','1101','2023-03-16 14:19:00.000','35'),
		('Elizabeth26189','18','1101','2023-03-15 21:18:00.000','32'),
		('Jennifer16942','18','1101','2023-03-18 16:48:00.000','25'),
		('Aaron75910','18','1101','2023-03-17 09:37:00.000','90'),
		('James78728','18','1101','2023-03-16 15:51:00.000','78'),
		('Gerald84309','18','1101','2023-03-15 10:47:00.000','23'),
		('Jean27371','18','1101','2023-03-14 13:23:00.000','36'),
		('Beryl21061','18','1101','2023-03-18 09:26:00.000','54'),
		('Janelle72419','18','1101','2023-03-13 17:40:00.000','46'),
		('Cherlyn27468','18','1101','2023-03-13 09:59:00.000','70'),
		('James30501','18','1101','2023-03-13 22:56:00.000','65'),
		('Stefan29804','18','1101','2023-03-19 13:49:00.000','69'),
		('David63435','18','1101','2023-03-19 16:45:00.000','30'),
		('Gregory90000','18','1101','2023-03-14 17:50:00.000','50'),
		('Harry23969','18','1101','2023-03-17 11:06:00.000','56'),
		('Jason55049','18','1101','2023-03-14 22:43:00.000','87'),
		('Douglas86348','18','1101','2023-03-16 19:30:00.000','49')
